id,label
1,1.0
2,0.9999361
3,0.060180783
4,1.0
5,2.0085809e-06
6,0.5609561
7,0.0399156
8,1.0
9,1.0
10,0.99897563
11,0.2611176
12,0.99846834
13,1.0
14,9.239467e-11
15,0.99999154
16,0.9580025
17,8.70857e-13
18,0.02736762
19,0.87124604
20,1.0
21,0.07961756
22,0.68650097
23,0.99999964
24,1.05266096e-07
25,0.95694065
26,1.0
27,0.0011642273
28,3.785783e-05
29,1.0
30,0.6385001
31,2.4969316e-10
32,0.9999999
33,8.474874e-06
34,1.0
35,0.9999999
36,0.26300484
37,0.9999776
38,0.5416494
39,0.9999846
40,0.91482985
41,1.0
42,1.0
43,1.0
44,0.9883652
45,0.00021725526
46,0.0126907285
47,0.39152545
48,0.9855236
49,1.0
50,0.19018571
51,2.1320133e-05
52,0.0016455787
53,0.9987067
54,1.0
55,0.9997011
56,0.0004474335
57,1.0
58,1.0153067e-05
59,0.50918114
60,0.9978915
61,0.73907757
62,1.0
63,0.6151136
64,1.0
65,0.9998134
66,0.99985373
67,0.9986033
68,1.0
69,0.99999976
70,1.0
71,0.9999976
72,7.314786e-13
73,0.99854183
74,1.6568307e-05
75,1.0
76,0.9999995
77,7.219992e-07
78,1.0
79,0.9996853
80,0.068094626
81,1.6645946e-06
82,1.0
83,0.006957207
84,7.794376e-05
85,0.7552964
86,1.0
87,1.0
88,6.338322e-09
89,0.99989307
90,1.0
91,0.99999964
92,1.3312547e-14
93,0.99785405
94,0.99999654
95,7.54378e-11
96,0.9999988
97,1.0
98,8.533217e-08
99,9.2877075e-21
100,0.99970764
101,0.9998534
102,0.99994946
103,1.0
104,1.0
105,0.99999917
106,4.72528e-06
107,1.0
108,0.9815953
109,8.572534e-15
110,1.0
111,1.0
112,1.0
113,1.0
114,0.49476022
115,1.0
116,1.0
117,1.0
118,1.0
119,1.0
120,1.0
121,0.35924876
122,1.0
123,1.0
124,1.0
125,1.0
126,1.0
127,0.98615843
128,0.99999475
129,1.0
130,0.049008727
131,0.99893683
132,0.9998068
133,1.0
134,0.9980648
135,4.887442e-05
136,1.0
137,1.0
138,0.9999987
139,1.0
140,0.9999403
141,1.0
142,1.0
143,0.9999614
144,0.00022844897
145,1.0
146,0.9953395
147,1.0
148,1.5711138e-10
149,0.8996326
150,0.999997
151,0.00012470472
152,2.9815426e-09
153,0.00014646145
154,0.99985766
155,0.9959888
156,2.9278906e-05
157,1.0
158,1.0
159,1.0
160,6.183248e-05
161,1.0
162,0.99999976
163,0.9942076
164,0.99999213
165,1.8107578e-09
166,1.0
167,1.0
168,0.00018334315
169,0.054750845
170,1.0
171,0.045875352
172,0.9999809
173,0.9999999
174,1.0
175,0.97691447
176,1.0
177,1.0
178,6.677884e-05
179,0.99995613
180,1.0
181,1.0
182,0.6148329
183,0.0065638884
184,1.0
185,0.00020135981
186,1.0
187,0.27491838
188,0.99999917
189,1.0
190,0.7659032
191,1.0
192,1.0
193,1.0
194,1.12108555e-05
195,1.0
196,1.0
197,1.0
198,1.0
199,0.0002319459
200,1.0
201,0.27527162
202,1.0
203,1.0
204,0.9999999
205,1.0
206,1.0265854e-10
207,0.99809426
208,0.99999654
209,0.9801712
210,0.62195665
211,0.999726
212,0.020640995
213,1.0
214,1.0
215,1.0
216,1.0
217,1.0
218,1.0
219,1.0
220,0.9999995
221,0.0010936226
222,0.00046969322
223,0.9999428
224,4.7550226e-09
225,1.0
226,1.0
227,0.9999974
228,0.99999917
229,0.012919695
230,1.0
231,1.0
232,0.69833666
233,0.9997186
234,0.9999995
235,5.806488e-15
236,1.0
237,1.0
238,0.9955603
239,0.0026397766
240,2.0827792e-05
241,0.99999964
242,1.0
243,0.95514995
244,1.0
245,0.9999981
246,0.9999999
247,3.7781945e-05
248,0.9940165
249,1.0
250,1.0
251,6.0984657e-06
252,1.0
253,2.4001092e-09
254,0.29933837
255,0.9664524
256,0.00047836953
257,0.99999666
258,0.67771715
259,0.008228172
260,2.9330904e-09
261,1.0
262,1.19565e-07
263,0.99864334
264,1.0
265,1.0
266,0.99997795
267,1.0
268,0.9999987
269,0.011919413
270,0.9999999
271,9.0145565e-12
272,0.00010269325
273,0.9603414
274,0.9874586
275,2.998513e-10
276,0.9999901
277,0.9999993
278,0.63740647
279,0.003184045
280,7.834665e-06
281,1.0
282,0.8880315
283,0.0027157897
284,9.70864e-07
285,1.0
286,5.764474e-09
287,1.0
288,3.7174348e-07
289,1.8318741e-14
290,1.0
291,1.0
292,0.96721685
293,0.99999976
294,1.0
295,7.184396e-05
296,0.3129743
297,1.0
298,0.0005080023
299,0.59171355
300,1.0
301,1.0
302,7.564391e-05
303,0.61102843
304,0.99999356
305,0.96193534
306,1.0
307,0.9959109
308,0.99999976
309,1.0
310,5.5235727e-05
311,1.0
312,0.022752423
313,0.0984897
314,3.7278575e-08
315,0.970893
316,0.9997539
317,0.20394966
318,0.99999964
319,0.6104351
320,0.96974605
321,1.0
322,0.013287434
323,1.1383971e-08
324,0.9999988
325,0.9999746
326,1.0
327,0.9851597
328,0.9999993
329,0.9999999
330,3.187065e-07
331,0.99985313
332,1.0
333,1.0
334,0.9999728
335,0.99998605
336,1.0
337,2.781834e-13
338,1.0
339,0.88714075
340,1.0
341,0.9990637
342,0.00040106467
343,0.0033925807
344,0.9992243
345,1.0
346,0.9602872
347,0.9999504
348,0.9357202
349,0.07176857
350,0.9999999
351,0.9698001
352,0.025262672
353,1.0
354,1.0
355,1.0
356,0.99999976
357,0.999997
358,0.99890614
359,0.9999993
360,5.128577e-12
361,0.99999976
362,1.0
363,2.1972664e-08
364,0.99999964
365,1.2840669e-05
366,0.9989705
367,1.0
368,1.0
369,1.0
370,1.0
371,1.0573758e-07
372,1.0
373,1.0
374,0.8545946
375,0.9919151
376,0.9999769
377,7.42848e-08
378,1.0
379,0.007132543
380,1.13527e-05
381,9.949704e-07
382,1.0
383,0.99999344
384,0.9999889
385,0.9999999
386,1.0
387,1.0
388,0.9900255
389,1.0
390,0.88309956
391,9.005453e-11
392,0.24032198
393,4.286007e-17
394,0.99999976
395,0.8949483
396,0.6299182
397,1.0
398,1.0
399,1.0
400,0.062493265
401,0.99999964
402,2.567886e-06
403,1.0
404,0.000109302855
405,0.9999975
406,0.9999999
407,1.0
408,1.0
409,1.0
410,1.0
411,1.0
412,0.84644
413,0.7252013
414,1.0
415,0.0012155146
416,0.999998
417,0.0010344066
418,0.99999595
419,1.0
420,0.99931943
421,0.16971447
422,0.99645066
423,1.0
424,0.085792415
425,0.00021242017
426,1.0
427,1.0
428,1.0
429,0.9999982
430,5.1522144e-05
431,5.8879014e-15
432,1.0
433,2.0728912e-06
434,1.0
435,1.0
436,0.87625664
437,1.0
438,0.0016845287
439,0.9999999
440,0.9992281
441,0.99895847
442,1.0
443,1.0
444,1.0
445,0.016368402
446,0.0016792229
447,0.031521093
448,0.99736893
449,0.9956488
450,0.99999535
451,1.0
452,1.0663543e-18
453,1.0
454,0.9997906
455,1.0
456,0.00060259417
457,4.72601e-05
458,1.9575068e-06
459,1.0
460,1.0
461,0.9998878
462,0.99866295
463,0.9999995
464,2.9401104e-08
465,0.058182262
466,1.0
467,0.99090576
468,1.0
469,1.0
470,0.99953413
471,1.0
472,0.00031566405
473,0.91230977
474,0.95536554
475,2.9186694e-07
476,0.9996995
477,0.9999999
478,6.323337e-09
479,0.9999957
480,1.0
481,0.99876666
482,1.0
483,0.0015458527
484,0.9999311
485,1.0
486,0.112799786
487,1.6766714e-13
488,1.155044e-11
489,0.585895
490,0.9826712
491,0.6935788
492,0.12717591
493,1.0
494,0.99999344
495,0.9999672
496,1.0
497,0.99995863
498,1.0
499,2.935689e-06
500,1.0
501,1.0
502,0.9933403
503,8.305744e-05
504,0.99999344
505,0.9999758
506,0.99999917
507,1.0
508,0.99999666
509,0.99514234
510,0.99999785
511,0.99989533
512,6.2515534e-07
513,0.9998541
514,0.9316002
515,1.3390206e-12
516,1.0
517,0.90454966
518,0.04227993
519,4.2323865e-07
520,0.99999976
521,1.0
522,0.99999976
523,1.0
524,0.97843426
525,0.028462088
526,0.0019081405
527,0.99999726
528,0.035204947
529,1.0
530,1.0
531,0.0024444398
532,0.979
533,1.0
534,0.0020190598
535,0.9977518
536,1.0
537,1.0
538,0.982094
539,1.6419304e-05
540,0.9999958
541,0.9997688
542,0.9989491
543,1.0
544,1.0
545,1.0
546,0.99999857
547,0.99947625
548,1.0
549,0.9993393
550,0.999998
551,0.9991953
552,0.99997103
553,0.97506964
554,0.9987205
555,1.0
556,0.78673285
557,0.99994147
558,0.99999964
559,0.99999917
560,8.630572e-09
561,0.10090955
562,1.0
563,0.93504995
564,0.9844066
565,1.0
566,8.341016e-08
567,0.9999995
568,0.00096557284
569,0.99333245
570,0.9999999
571,0.99999666
572,1.0
573,1.0
574,1.995843e-06
575,1.0
576,0.9999348
577,1.0
578,1.0
579,8.8560275e-16
580,0.9994506
581,0.049213365
582,0.99552464
583,1.0
584,0.99999976
585,1.0
586,0.9997725
587,0.48906642
588,1.0
589,0.05556401
590,1.0622756e-15
591,0.9848682
592,1.0
593,1.0
594,1.0
595,0.5325989
596,1.0
597,1.0
598,0.08879533
599,0.045498103
600,0.9277451
601,0.99992216
602,0.99456704
603,7.032367e-30
604,1.0
605,1.0
606,0.000568935
607,0.99998045
608,1.0
609,0.03193021
610,0.9906121
611,1.0
612,2.0760447e-16
613,8.116352e-09
614,0.99999845
615,0.9999999
616,1.0
617,0.99999976
618,0.9999974
619,1.0
620,0.5142817
621,0.000115187686
622,0.9999999
623,0.9992454
624,0.9997727
625,0.9999993
626,1.0
627,0.99882025
628,1.0
629,1.0
630,0.09315835
631,1.0
632,1.0
633,0.9750415
634,0.9944055
635,1.0
636,1.6756764e-10
637,0.99933857
638,1.0
639,1.0
640,0.99999785
641,1.0
642,0.99748176
643,1.0
644,0.9946156
645,0.012642378
646,1.0
647,1.2917666e-10
648,0.0009836082
649,0.50665814
650,0.9789153
651,0.9974336
652,0.13258588
653,0.9999989
654,1.0
655,1.0
656,5.6951296e-05
657,0.9521555
658,0.16989326
659,0.058458723
660,1.0
661,1.0
662,0.997214
663,6.0252015e-13
664,0.010797771
665,0.99997926
666,1.0
667,1.0
668,0.10777761
669,0.2766245
670,0.99970406
671,1.0
672,0.99971443
673,1.0
674,0.99824774
675,6.580092e-05
676,0.99395543
677,1.0
678,0.9990841
679,0.9999999
680,0.99892503
681,0.99999976
682,1.0
683,0.2893008
684,1.0
685,0.9999751
686,1.0
687,1.0
688,0.9999225
689,0.050465662
690,0.8563659
691,0.034089938
692,0.99946684
693,1.0
694,1.0686334e-09
695,0.010471774
696,0.2548647
697,0.99999976
698,0.0014356134
699,0.18216906
700,1.0
701,0.0024752591
702,2.8572433e-09
703,0.99986243
704,0.07768374
705,1.3212172e-05
706,0.9175872
707,0.94487417
708,0.9234971
709,0.9815056
710,0.9762708
711,0.99998903
712,0.8516346
713,1.0
714,0.0044667465
715,0.001462277
716,0.0009034098
717,1.0
718,0.9999999
719,1.0
720,1.0
721,0.9999999
722,0.9999999
723,1.0
724,0.532008
725,0.9992924
726,0.994839
727,4.926036e-07
728,1.0
729,1.7261817e-07
730,1.0
731,0.9456011
732,1.0
733,7.423266e-05
734,2.8729052e-09
735,0.99969125
736,2.530059e-07
737,3.9429938e-06
738,1.0
739,0.99989414
740,0.02448625
741,0.89169955
742,1.0649942e-05
743,2.8784084e-19
744,3.517753e-18
745,0.98070407
746,0.9995184
747,0.0041968934
748,0.999997
749,0.99983394
750,0.0007263574
751,0.99999976
752,0.8203868
753,3.1138967e-09
754,1.0
755,0.0063907127
756,0.99996805
757,1.0
758,2.1226293e-14
759,0.9960645
760,0.9996283
761,0.99998593
762,0.9999999
763,1.0
764,1.0
765,0.9991007
766,0.8837714
767,1.206001e-10
768,0.97610646
769,0.34078926
770,1.0
771,0.99997354
772,1.0
773,0.9999999
774,0.47895196
775,1.0
776,2.735742e-12
777,0.9985171
778,0.9529843
779,0.99999905
780,0.9983133
781,0.99999607
782,0.9999827
783,1.0
784,0.9803569
785,3.0584274e-15
786,1.0
787,0.028666994
788,1.0
789,1.0
790,0.05121622
791,1.0
792,5.940598e-17
793,0.0001330904
794,0.009527006
795,1.0
796,9.826476e-06
797,0.6402658
798,8.752403e-06
799,0.9584144
800,2.9482305e-08
801,0.99999976
802,0.8219322
803,0.9749435
804,1.0
805,0.99985886
806,0.9999877
807,1.0
808,1.0
809,1.0
810,1.0
811,1.0
812,1.0
813,1.0
814,1.0
815,0.99773395
816,0.999998
817,0.9999999
818,1.0
819,1.0
820,1.0
821,1.0
822,0.9269767
823,3.0330254e-14
824,0.98965037
825,1.0
826,1.0
827,1.0
828,1.0
829,0.9999951
830,1.0
831,0.035503127
832,0.00019339308
833,4.6291544e-07
834,0.9995333
835,0.9629969
836,0.00013227462
837,1.0
838,0.9398106
839,1.8076141e-09
840,0.2767644
841,0.99987423
842,1.0
843,1.0
844,0.88957906
845,1.0
846,0.019168157
847,0.014305353
848,1.0
849,0.99972326
850,0.99998224
851,0.23822951
852,0.39363813
853,0.99837947
854,1.0
855,1.0
856,4.211569e-12
857,1.0
858,0.008052943
859,0.62796456
860,0.012160395
861,0.013427351
862,1.0
863,0.99994373
864,1.0
865,2.1514285e-08
866,1.0
867,0.9925944
868,0.99997604
869,1.0
870,0.9972608
871,5.0379987e-07
872,0.9885062
873,0.8230726
874,1.0
875,8.073587e-08
876,0.995529
877,0.9999261
878,1.0
879,0.999979
880,1.0
881,0.00054627046
882,0.9999999
883,8.396246e-06
884,0.9999994
885,0.9960496
886,1.0
887,0.9999994
888,0.99998593
889,1.0
890,0.7655995
891,1.0
892,1.5273557e-23
893,0.8902458
894,0.4621821
895,1.0
896,0.9765797
897,2.753522e-14
898,0.99999976
899,0.9902102
900,0.98461574
901,0.9276504
902,0.00055023446
903,1.0
904,1.0
905,2.9863195e-19
906,0.98490727
907,1.0
908,0.56788766
909,1.0
910,0.0011055397
911,2.1387039e-16
912,1.0
913,1.694469e-06
914,0.99889094
915,7.834938e-05
916,0.9999914
917,1.0
918,0.0015063967
919,0.77002144
920,4.395492e-06
921,0.9814015
922,0.9999968
923,0.9999995
924,0.003360195
925,1.0
926,0.0011011746
927,0.99998546
928,1.0
929,0.99999225
930,0.99999964
931,0.94883066
932,0.9999424
933,4.20893e-06
934,0.09130691
935,0.9951199
936,1.0
937,1.0
938,0.99972755
939,0.962895
940,1.0
941,0.99999774
942,0.8057037
943,1.0
944,1.0
945,0.9999975
946,1.0
947,0.9980247
948,0.4919307
949,0.99998665
950,0.16852342
951,2.1909889e-08
952,0.9988065
953,1.0
954,1.0
955,7.7518393e-07
956,1.0
957,0.009408197
958,0.99993825
959,0.00095677876
960,0.9955408
961,0.9774015
962,0.99999964
963,0.9999995
964,0.3656699
965,1.0
966,1.0
967,0.9999472
968,3.5051073e-06
969,0.70755273
970,1.7641647e-05
971,1.0
972,0.9999783
973,1.0
974,1.0
975,0.99999976
976,1.0
977,0.9999665
978,0.042845894
979,0.17418766
980,0.99999404
981,1.0
982,1.0
983,0.029984262
984,0.99996305
985,1.0
986,0.017584847
987,0.99991906
988,2.1612232e-05
989,0.99983144
990,1.0
991,1.0
992,0.999967
993,7.263845e-05
994,0.99999976
995,1.0116223e-05
996,0.99647933
997,6.881602e-16
998,0.99999774
999,0.98376924
1000,0.9999988
1001,0.999997
1002,0.99999976
1003,1.0
1004,1.0
1005,0.1811073
1006,0.99991393
1007,1.0
1008,0.0012492232
1009,1.0
1010,0.9999918
1011,1.0
1012,0.0036940179
1013,4.96425e-07
1014,1.0
1015,1.0
1016,1.0
1017,1.0
1018,9.3931284e-08
1019,3.923524e-05
1020,8.172645e-10
1021,3.321536e-06
1022,0.0002283059
1023,3.9424918e-11
1024,1.0
1025,8.27193e-05
1026,1.5465853e-13
1027,0.0027251057
1028,0.089408
1029,9.249402e-06
1030,1.0
1031,0.90851223
1032,0.99889696
1033,0.7061537
1034,1.5113952e-10
1035,1.0
1036,0.99999976
1037,1.0
1038,0.99999547
1039,0.998585
1040,0.99022347
1041,3.7980706e-05
1042,0.00021202114
1043,0.9768176
1044,1.0
1045,1.0
1046,0.9999989
1047,0.99999976
1048,1.0
1049,0.0012633963
1050,0.04084284
1051,0.00123022
1052,0.99999654
1053,1.0
1054,1.0
1055,7.526333e-11
1056,0.009865127
1057,0.9999994
1058,6.939589e-11
1059,8.0241894e-05
1060,1.0
1061,1.0
1062,0.9911096
1063,1.0
1064,1.0
1065,0.00015322103
1066,1.1173435e-06
1067,0.008767283
1068,0.99999964
1069,1.8566881e-06
1070,1.0
1071,1.0
1072,0.99901295
1073,0.99999976
1074,0.14708725
1075,0.6351031
1076,1.0
1077,0.0022548405
1078,0.9999964
1079,1.0
1080,2.3431885e-05
1081,0.9999615
1082,6.3731643e-16
1083,1.0
1084,0.9998567
1085,0.99866915
1086,0.9999751
1087,0.95518965
1088,0.9360281
1089,0.9970515
1090,0.99999857
1091,0.9995633
1092,1.0
1093,1.0
1094,0.102538444
1095,3.1037672e-10
1096,1.0
1097,0.9959462
1098,0.99577713
1099,0.9362759
1100,0.72788006
1101,0.9999951
1102,0.9487851
1103,1.0
1104,0.010159238
1105,1.0
1106,1.0
1107,0.99950707
1108,0.01681326
1109,0.14085495
1110,1.0
1111,1.6323969e-07
1112,0.9999975
1113,1.0
1114,1.0
1115,4.1583444e-16
1116,0.9971079
1117,0.42812642
1118,1.2935677e-08
1119,0.024637872
1120,0.9999989
1121,1.0
1122,0.062208854
1123,7.930721e-06
1124,1.0
1125,0.9999999
1126,1.0
1127,1.0
1128,1.0
1129,1.0
1130,1.0
1131,9.3617183e-07
1132,1.6166357e-10
1133,1.0
1134,4.027257e-15
1135,1.0
1136,1.2999911e-08
1137,0.99988997
1138,0.15468064
1139,0.024441129
1140,0.9999988
1141,1.0
1142,1.0
1143,3.2027108e-07
1144,0.9967841
1145,0.00028106128
1146,0.9999999
1147,0.9999989
1148,1.0
1149,1.0
1150,0.99999917
1151,0.99294806
1152,1.0
1153,0.9795518
1154,0.9999963
1155,1.0
1156,0.99995184
1157,0.9997117
1158,0.9997296
1159,1.0
1160,0.0437723
1161,1.0
1162,0.9999999
1163,1.6228439e-08
1164,0.99999666
1165,0.9999844
1166,1.0
1167,0.3763554
1168,1.0
1169,0.0068488647
1170,1.0
1171,0.7714044
1172,0.99997485
1173,0.9784016
1174,0.00088449166
1175,0.999997
1176,1.0
1177,1.0
1178,9.374449e-22
1179,1.0
1180,0.0027878205
1181,0.9999999
1182,0.24309963
1183,1.0
1184,0.99999845
1185,0.83164907
1186,1.0
1187,0.9960452
1188,1.0
1189,0.6852298
1190,0.41927335
1191,1.0
1192,1.0
1193,0.99560106
1194,0.9999963
1195,0.9999999
1196,1.0
1197,5.8468114e-10
1198,0.00061366806
1199,0.9689103
1200,1.1571245e-09
1201,1.0
1202,1.0
1203,0.99998856
1204,2.8133548e-12
1205,0.66957647
1206,1.0
1207,1.0
1208,0.9947284
1209,0.99999964
1210,1.0
1211,0.9999918
1212,0.9999747
1213,0.9999987
1214,4.3853765e-06
1215,1.1628487e-06
1216,0.0007896733
1217,5.9445696e-08
1218,0.05665365
1219,0.99999976
1220,0.045045674
1221,1.0
1222,0.99979097
1223,1.0
1224,0.0015127568
1225,1.0
1226,1.0
1227,0.8045629
1228,0.9997923
1229,0.6946641
1230,0.059592273
1231,1.0
1232,0.9999858
1233,1.0
1234,0.9999995
1235,0.99988484
1236,1.0
1237,7.1966075e-05
1238,6.100573e-10
1239,2.099459e-12
1240,1.0
1241,0.99999976
1242,1.0
1243,6.816755e-07
1244,0.9999329
1245,6.787218e-05
1246,0.39848006
1247,0.75306606
1248,0.99999356
1249,3.7878344e-06
1250,0.9999695
1251,9.359083e-05
1252,1.0
1253,0.44822165
1254,1.0
1255,1.9578625e-09
1256,1.0
1257,2.7919512e-08
1258,1.0
1259,0.955893
1260,0.88654673
1261,1.0
1262,1.0
1263,0.99966574
1264,0.9999932
1265,1.0
1266,0.009373244
1267,1.0
1268,0.99999964
1269,0.9755874
1270,1.0
1271,1.0
1272,1.0
1273,0.97176075
1274,0.1095599
1275,1.0
1276,1.0
1277,0.00039242583
1278,0.96236646
1279,0.99999344
1280,1.2949399e-16
1281,1.0
1282,0.9999522
1283,1.4548147e-14
1284,0.42478618
1285,0.993009
1286,1.0
1287,1.0
1288,0.021518445
1289,0.027992751
1290,1.0
1291,0.9996406
1292,1.0
1293,0.68578386
1294,1.0
1295,1.0
1296,0.9994437
1297,1.0
1298,1.0
1299,0.85384125
1300,1.0
1301,1.0
1302,1.0
1303,0.9825692
1304,1.0
1305,0.9999999
1306,0.9977798
1307,0.9917915
1308,4.0203387e-13
1309,1.0547722e-09
1310,0.96486014
1311,0.99409133
1312,1.9607947e-14
1313,1.0
1314,0.7999246
1315,0.99938416
1316,0.9991573
1317,2.0099279e-08
1318,0.99983335
1319,0.22433712
1320,1.0
1321,0.9999995
1322,0.6472345
1323,0.038840503
1324,1.0
1325,1.0
1326,0.008499802
1327,0.99123526
1328,1.0
1329,0.9999808
1330,1.0
1331,0.9999994
1332,0.9694784
1333,0.36547127
1334,0.29834333
1335,0.74270725
1336,1.0
1337,0.99989796
1338,0.9999999
1339,3.167189e-13
1340,1.5637537e-05
1341,0.99886584
1342,3.9579063e-05
1343,1.0
1344,1.0
1345,1.0
1346,1.0
1347,0.9999993
1348,0.9586733
1349,1.0
1350,0.00010244452
1351,0.9941049
1352,1.0
1353,0.99898475
1354,4.7606045e-05
1355,0.025577107
1356,1.0
1357,0.9999975
1358,2.604249e-10
1359,2.9094483e-05
1360,0.013606672
1361,0.99989367
1362,6.6194654e-05
1363,0.0012062105
1364,0.025628319
1365,0.9511587
1366,6.309852e-10
1367,1.0
1368,0.02563537
1369,1.0
1370,1.0
1371,1.0
1372,1.0
1373,1.0
1374,0.87202334
1375,1.0
1376,6.878385e-13
1377,0.0033030813
1378,3.0680875e-10
1379,1.0
1380,1.0
1381,0.018153707
1382,3.795308e-05
1383,3.957896e-09
1384,1.0
1385,1.0
1386,0.19217259
1387,0.99426174
1388,0.9999999
1389,0.99991953
1390,0.99999976
1391,0.00010580109
1392,4.733769e-06
1393,8.989846e-07
1394,1.0
1395,0.7259347
1396,1.0
1397,0.0010923616
1398,0.002507968
1399,0.5845565
1400,1.0
1401,1.0
1402,1.0
1403,0.14565971
1404,1.0
1405,3.0058054e-06
1406,1.0
1407,1.0
1408,0.02649161
1409,0.056164995
1410,9.902545e-06
1411,1.0
1412,1.0
1413,3.8663253e-11
1414,2.4126934e-10
1415,1.0676294e-16
1416,1.0
1417,1.6275802e-31
1418,0.9999993
1419,0.95661885
1420,0.99996877
1421,1.0
1422,1.0
1423,0.9816616
1424,0.06058402
1425,0.99973303
1426,0.999159
1427,1.0
1428,7.266377e-14
1429,0.0018193724
1430,5.938835e-08
1431,0.026704622
1432,0.99912673
1433,1.8705791e-10
1434,1.0
1435,0.9999994
1436,1.0
1437,0.040750097
1438,3.0987366e-08
1439,1.0
1440,0.21022396
1441,0.99992573
1442,0.99999785
1443,1.0
1444,1.9744632e-05
1445,1.163045e-06
1446,0.9996593
1447,1.0
1448,0.99999976
1449,1.0
1450,0.9998946
1451,0.39118978
1452,1.0
1453,0.6843524
1454,1.0
1455,1.0318511e-05
1456,0.9957235
1457,1.0
1458,1.0
1459,9.6880415e-09
1460,9.617052e-07
1461,0.9990833
1462,0.17154668
1463,0.9998597
1464,1.0
1465,0.9998989
1466,0.9999757
1467,0.9992587
1468,0.99998534
1469,1.0
1470,0.48450246
1471,0.99572396
1472,5.0707624e-19
1473,1.0
1474,0.05539642
1475,0.99999917
1476,1.0
1477,1.0
1478,2.8395469e-05
1479,0.99999356
1480,1.0
1481,3.4841175e-11
1482,1.0
1483,0.022813924
1484,7.5431904e-11
1485,2.7053198e-07
1486,0.47989824
1487,0.9999809
1488,0.9999995
1489,6.0478175e-07
1490,0.9999137
1491,1.0
1492,1.0
1493,1.0
1494,3.6963826e-10
1495,0.0012909307
1496,0.9297881
1497,1.0
1498,5.755161e-06
1499,2.4788448e-12
1500,8.3832634e-07
1501,0.003122056
1502,0.9802478
1503,0.99967444
1504,0.9999995
1505,9.03088e-05
1506,0.15674418
1507,0.9999676
1508,1.0
1509,0.8991869
1510,1.0
1511,0.17932977
1512,8.697385e-07
1513,1.0
1514,5.9282953e-05
1515,4.6962496e-06
1516,8.513249e-09
1517,0.99995565
1518,1.0
1519,9.8499285e-11
1520,1.0
1521,3.165082e-09
1522,1.0
1523,0.017992923
1524,1.3772718e-07
1525,2.2681771e-13
1526,0.008183899
1527,0.99483734
1528,0.9999987
1529,0.9976712
1530,1.0
1531,0.8854943
1532,1.0
1533,0.9657758
1534,0.008634735
1535,0.007502169
1536,3.0097754e-06
1537,0.99971896
1538,1.2283875e-05
1539,0.9999845
1540,1.0
1541,0.99342406
1542,0.99982077
1543,1.0
1544,1.3361576e-09
1545,0.016875187
1546,0.99750465
1547,0.7317596
1548,0.9739819
1549,1.0
1550,0.99993587
1551,0.99929476
1552,8.264136e-06
1553,0.99491006
1554,0.9911636
1555,1.0
1556,1.0
1557,4.6724927e-06
1558,0.06148598
1559,0.9999206
1560,0.99999964
1561,0.02387359
1562,0.48437223
1563,5.7630978e-06
1564,1.0
1565,0.9998729
1566,1.0
1567,0.9999995
1568,0.9999945
1569,0.9999994
1570,5.838448e-07
1571,0.38962194
1572,1.0
1573,0.9999999
1574,0.3045068
1575,0.029007263
1576,0.9999515
1577,1.0
1578,1.0
1579,0.9946431
1580,2.5516323e-15
1581,0.9999999
1582,1.0
1583,0.99971694
1584,0.99028087
1585,2.8027478e-10
1586,1.0
1587,1.0
1588,1.0
1589,0.9773357
1590,1.0
1591,0.0016204626
1592,0.9942967
1593,0.99322927
1594,0.9999367
1595,1.0
1596,1.0
1597,0.99546814
1598,3.8218804e-14
1599,0.42003575
1600,1.0
1601,1.3894157e-13
1602,1.0
1603,1.0
1604,2.4144596e-05
1605,1.0
1606,0.9999273
1607,1.0
1608,0.9999385
1609,0.9999999
1610,4.479107e-08
1611,0.35652018
1612,1.0
1613,0.000109962515
1614,1.0
1615,0.28186443
1616,0.7231636
1617,1.0
1618,1.0
1619,1.0
1620,1.0
1621,0.99999964
1622,1.0
1623,1.0
1624,0.8029041
1625,0.7337055
1626,0.2688571
1627,1.0
1628,1.0
1629,1.0
1630,0.56707287
1631,0.07576633
1632,1.6063297e-05
1633,1.0
1634,1.0
1635,1.0
1636,0.16569923
1637,1.0
1638,1.5632545e-06
1639,1.616955e-08
1640,1.0
1641,0.575858
1642,9.765955e-07
1643,0.93757015
1644,4.1716417e-09
1645,2.9564564e-05
1646,0.9921415
1647,3.5242426e-06
1648,0.999928
1649,1.0
1650,0.99998176
1651,2.368427e-12
1652,0.19246064
1653,0.0005015093
1654,0.06804348
1655,0.9999993
1656,1.0
1657,1.0
1658,0.0010396795
1659,1.1063595e-10
1660,1.0
1661,1.0
1662,0.058704104
1663,0.99999905
1664,0.030298194
1665,1.2253801e-07
1666,0.9999764
1667,1.0
1668,1.0
1669,0.9999999
1670,1.0
1671,0.87869024
1672,0.9440635
1673,1.0
1674,1.0
1675,0.66641414
1676,0.91754496
1677,1.0
1678,1.0
1679,1.0
1680,6.303432e-05
1681,1.0
1682,0.032528583
1683,0.034670923
1684,1.0
1685,0.00020910008
1686,9.325036e-10
1687,1.0
1688,0.034884483
1689,1.0
1690,1.0
1691,1.0
1692,0.004704508
1693,0.00033655085
1694,0.99153954
1695,0.9992988
1696,1.0
1697,0.054298885
1698,4.7886914e-08
1699,7.268391e-05
1700,0.99999857
1701,1.0
1702,1.0
1703,1.0
1704,1.0
1705,1.0
1706,0.74377453
1707,1.5346527e-20
1708,0.99999976
1709,1.0
1710,7.825609e-19
1711,0.99948776
1712,0.17486116
1713,0.9999862
1714,9.4758354e-05
1715,0.9999856
1716,1.13227825e-05
1717,1.0
1718,0.99999535
1719,0.000425272
1720,0.9992142
1721,0.99981624
1722,1.0
1723,1.0
1724,0.99997663
1725,0.99820006
1726,0.9999788
1727,1.0
1728,9.753616e-10
1729,0.040323067
1730,0.54956603
1731,1.0
1732,3.492521e-11
1733,0.99989414
1734,0.99982625
1735,1.0
1736,0.9999558
1737,1.0
1738,0.99998486
1739,1.0
1740,0.9988649
1741,0.9999933
1742,0.99967957
1743,1.0149694e-07
1744,0.00045178627
1745,1.0544287e-12
1746,0.45602646
1747,0.8372036
1748,0.9997607
1749,1.0
1750,1.0
1751,1.0
1752,0.9158394
1753,0.8980983
1754,1.0
1755,0.9997228
1756,0.010327879
1757,0.01451011
1758,7.254873e-05
1759,1.0
1760,0.4793682
1761,0.99999917
1762,3.1677282e-06
1763,2.6792497e-05
1764,1.0
1765,1.0
1766,8.893022e-06
1767,0.999754
1768,0.9999596
1769,0.9987903
1770,3.7845168e-06
1771,7.507167e-05
1772,0.99884903
1773,1.5558477e-07
1774,1.0
1775,0.9999963
1776,0.00015686893
1777,1.6251928e-05
1778,0.99999094
1779,5.2213574e-07
1780,0.99999964
1781,0.9964218
1782,0.9996985
1783,0.9998275
1784,0.137918
1785,0.9999993
1786,0.99766695
1787,1.0
1788,0.024587685
1789,0.004541854
1790,0.85053694
1791,1.0
1792,1.0
1793,4.648606e-08
1794,0.9997087
1795,1.0
1796,1.0
1797,0.9996203
1798,0.9985802
1799,1.0
1800,0.99997556
1801,7.9595855e-05
1802,0.78853977
1803,1.0
1804,1.0
1805,0.99999666
1806,0.99974805
1807,1.1753191e-10
1808,0.7515272
1809,3.5049286e-10
1810,2.3615661e-05
1811,9.347269e-08
1812,0.99994123
1813,0.9996716
1814,0.99999917
1815,1.0
1816,0.00076155516
1817,0.04280471
1818,0.62795055
1819,2.3386945e-10
1820,1.0
1821,0.9996642
1822,0.9997538
1823,0.05524541
1824,1.0
1825,0.37623543
1826,1.0
1827,1.0
1828,0.0010842294
1829,1.0
1830,0.0002936608
1831,8.13475e-07
1832,0.00022545827
1833,1.0
1834,1.0
1835,1.0
1836,0.0035333314
1837,3.422166e-05
1838,1.0
1839,1.0
1840,0.9999864
1841,1.0
1842,1.0
1843,8.199536e-06
1844,0.018984554
1845,0.96027267
1846,1.0
1847,1.0
1848,0.0033268773
1849,1.0
1850,0.65573746
1851,1.0
1852,0.99999774
1853,0.0016832879
1854,1.0
1855,0.9998659
1856,0.032141
1857,0.99838006
1858,0.9999912
1859,0.9997743
1860,0.8109016
1861,2.8183806e-09
1862,0.99955314
1863,1.0
1864,0.99999416
1865,1.0
1866,1.0
1867,1.0
1868,1.0
1869,1.0
1870,0.011290335
1871,0.4475763
1872,0.8987286
1873,0.9934602
1874,0.9999801
1875,0.9999999
1876,0.999977
1877,0.98625374
1878,0.99999833
1879,0.9999987
1880,0.9958824
1881,0.0003319903
1882,0.9999827
1883,0.99987996
1884,0.0021046244
1885,1.0
1886,0.13838126
1887,0.007579185
1888,0.99999976
1889,0.9999268
1890,0.9950664
1891,0.0875272
1892,0.99999774
1893,1.0
1894,1.0
1895,0.97350216
1896,0.9991341
1897,1.0
1898,1.0
1899,0.9998872
1900,0.9994349
1901,1.0
1902,1.0
1903,1.0
1904,0.25444853
1905,1.1710054e-07
1906,0.99999976
1907,3.5290743e-08
1908,1.0
1909,1.0
1910,0.9813006
1911,2.2106651e-06
1912,2.4731586e-05
1913,0.99998474
1914,1.0
1915,1.3625025e-10
1916,1.0
1917,0.9970829
1918,0.9981293
1919,1.0573874e-06
1920,0.012518639
1921,7.48707e-08
1922,1.0
1923,0.9999455
1924,2.6652274e-06
1925,1.0
1926,0.025289752
1927,1.0
1928,0.9998765
1929,1.0
1930,0.9999515
1931,1.0
1932,1.0
1933,0.50661266
1934,1.0
1935,0.34413216
1936,1.0
1937,1.0
1938,1.1100681e-06
1939,0.8861255
1940,1.0
1941,0.026346538
1942,1.0
1943,9.290641e-05
1944,0.0023317458
1945,1.0
1946,0.9860772
1947,0.9995715
1948,1.0
1949,0.99999976
1950,1.5125383e-05
1951,1.0
1952,0.003315765
1953,1.0
1954,0.9882675
1955,0.0090732705
1956,1.0
1957,0.2990958
1958,0.99972624
1959,0.9853871
1960,1.0
1961,0.9989987
1962,0.9999896
1963,1.0
1964,1.0
1965,0.9942483
1966,1.0
1967,1.0
1968,0.99997485
1969,0.8559054
1970,1.0
1971,0.9999789
1972,0.99999607
1973,0.4447141
1974,1.0
1975,1.0
1976,0.9999981
1977,1.0
1978,0.9999988
1979,1.0
1980,1.0
1981,0.3699944
1982,0.99999833
1983,1.0
1984,3.9979985e-11
1985,3.3650593e-07
1986,1.0
1987,0.079400495
1988,1.0
1989,0.9999987
1990,0.012316159
1991,1.0
1992,1.0
1993,1.0
1994,1.0
1995,0.598688
1996,1.0
1997,1.0
1998,0.0037403016
1999,4.8384967e-09
2000,3.4383138e-08
2001,0.99993587
2002,1.0
2003,9.33518e-10
2004,0.9999447
2005,1.0
2006,1.0
2007,0.039635062
2008,0.9999634
2009,0.99558496
2010,2.680194e-08
2011,1.0
2012,1.0
2013,2.7277918e-06
2014,1.0
2015,1.0
2016,0.99976486
2017,6.4324374e-10
2018,0.99999726
2019,0.9599453
2020,0.9999994
2021,1.0
2022,0.04652995
2023,0.99987996
2024,0.29078743
2025,1.0
2026,1.0
2027,0.82304794
2028,1.0
2029,0.9999857
2030,1.0
2031,3.254503e-05
2032,0.08489952
2033,1.0
2034,1.0
2035,1.0
2036,1.0
2037,8.255424e-06
2038,1.0
2039,0.99998343
2040,0.42580053
2041,0.35327303
2042,1.0
2043,1.0
2044,1.0
2045,1.0
2046,1.0
2047,0.9995751
2048,0.9682994
2049,0.00015810209
2050,0.99998915
2051,1.0
2052,1.0
2053,1.0
2054,1.0
2055,0.0012738688
2056,7.952205e-13
2057,1.0
2058,0.9999999
2059,1.1787491e-18
2060,0.0051877145
2061,1.0
2062,0.9999994
2063,0.99999976
2064,1.0
2065,0.00078064826
2066,1.0
2067,5.6379497e-07
2068,1.0
2069,1.0
2070,0.6705952
2071,0.99995637
2072,0.9999987
2073,8.409129e-08
2074,1.0
2075,0.9947437
2076,0.0047296104
2077,1.0
2078,0.9999113
2079,0.00010688277
2080,3.7932906e-13
2081,1.0
2082,0.8565237
2083,1.0
2084,1.0
2085,1.0
2086,0.06437713
2087,0.00016210406
2088,0.99999905
2089,1.0
2090,0.99993515
2091,0.00041017876
2092,1.0
2093,2.1785894e-10
2094,1.0
2095,1.0
2096,0.00024994192
2097,0.99831605
2098,0.056083128
2099,0.00029480894
2100,0.9647647
2101,0.001130023
2102,5.310087e-06
2103,1.0
2104,1.0
2105,1.0
2106,0.9999238
2107,0.99999523
2108,0.9999932
2109,0.06066153
2110,1.0
2111,1.0
2112,1.0
2113,0.9999628
2114,0.95332444
2115,0.96690536
2116,0.9999995
2117,1.0
2118,0.99999964
2119,0.027597321
2120,0.9999993
2121,0.062288526
2122,0.5564892
2123,1.0
2124,0.9999988
2125,8.802313e-05
2126,4.221631e-08
2127,0.17644477
2128,1.0
2129,4.0960924e-09
2130,0.9999778
2131,2.889387e-08
2132,0.9999795
2133,1.0
2134,1.0
2135,0.057336897
2136,0.9999999
2137,1.0
2138,0.99999976
2139,1.0
2140,0.98989034
2141,1.0
2142,0.9678131
2143,0.6222027
2144,1.0
2145,1.0
2146,0.0005344493
2147,0.92422
2148,1.0
2149,1.0
2150,1.0
2151,0.99990773
2152,1.0
2153,0.92180026
2154,0.00045201308
2155,1.0
2156,0.000102267084
2157,1.0
2158,0.032221347
2159,1.0
2160,1.0
2161,2.6201062e-06
2162,0.94070977
2163,1.0
2164,1.0
2165,0.012426336
2166,0.9991461
2167,1.0
2168,0.9394207
2169,0.99999547
2170,1.0
2171,0.9592533
2172,1.0
2173,1.0
2174,0.99999976
2175,1.7202278e-13
2176,2.789713e-10
2177,0.99926454
2178,0.7814919
2179,1.0
2180,0.9999863
2181,0.99999666
2182,0.00014551637
2183,1.0
2184,0.23308526
2185,1.0
2186,2.2558865e-08
2187,0.9904123
2188,0.0009128777
2189,1.0
2190,0.8378204
2191,1.4519256e-06
2192,1.0640293e-06
2193,0.003618082
2194,1.0
2195,1.4638701e-09
2196,0.99883443
2197,0.00020649117
2198,2.9817953e-05
2199,0.9997557
2200,0.9999869
2201,1.0
2202,6.5247127e-06
2203,0.9276473
2204,0.33502528
2205,0.99999845
2206,0.004569203
2207,1.0
2208,1.0
2209,1.5363347e-06
2210,0.5667682
2211,1.0
2212,0.9679221
2213,0.9999995
2214,1.0
2215,1.0
2216,0.008109744
2217,3.4607343e-13
2218,0.00084690296
2219,0.99982303
2220,0.8809552
2221,1.0
2222,3.7983617e-19
2223,1.0
2224,1.0
2225,1.0
2226,0.99858934
2227,2.4284934e-09
2228,1.0
2229,1.0
2230,0.020093512
2231,0.9999999
2232,1.0
2233,0.9999974
2234,0.9957242
2235,0.9999999
2236,1.0
2237,0.9999989
2238,0.003164944
2239,7.6409805e-14
2240,1.0
2241,1.0
2242,0.60159254
2243,0.26751813
2244,0.99999356
2245,1.0
2246,1.0
2247,0.9999677
2248,1.0
2249,7.5585166e-07
2250,0.9999995
2251,0.0002857445
2252,9.491533e-12
2253,0.02761564
2254,0.0018263793
2255,7.554533e-08
2256,0.04493582
2257,1.0
2258,1.0
2259,0.868299
2260,0.9911656
2261,1.0
2262,0.99999046
2263,0.9999957
2264,0.99998593
2265,0.9999939
2266,2.0178206e-09
2267,1.0
2268,8.0894006e-07
2269,1.0224183e-08
2270,1.0
2271,1.0
2272,1.0
2273,0.99999964
2274,0.99962187
2275,0.99988186
2276,2.9184434e-06
2277,1.0
2278,1.0
2279,0.99999976
2280,1.0
2281,1.0
2282,0.99999976
2283,1.0
2284,2.1887576e-35
2285,1.0
2286,0.9999863
2287,1.0
2288,0.97992593
2289,1.0
2290,0.9999956
2291,1.0
2292,0.014979881
2293,8.2904106e-10
2294,1.0
2295,0.9999995
2296,0.9988304
2297,6.898421e-05
2298,1.0
2299,0.00044967173
2300,1.0
2301,1.0
2302,0.0017828683
2303,7.453853e-24
2304,0.032494746
2305,1.0
2306,3.350278e-07
2307,1.0
2308,0.9998977
2309,0.0002774217
2310,0.9982724
2311,1.0
2312,0.99998164
2313,0.99999714
2314,0.01547986
2315,1.0
2316,1.0
2317,0.056698926
2318,0.99672616
2319,0.79340047
2320,1.0
2321,1.0
2322,1.2631353e-05
2323,0.020211559
2324,1.0
2325,1.0
2326,2.6415016e-08
2327,1.0
2328,1.0
2329,0.0015781628
2330,1.0
2331,1.0
2332,1.0
2333,9.700911e-09
2334,1.0
2335,0.9658264
2336,0.01016864
2337,1.0
2338,1.0
2339,0.9474923
2340,0.72923785
2341,0.17933117
2342,1.0
2343,0.760308
2344,0.38804924
2345,0.99778324
2346,0.99999905
2347,1.0
2348,7.043707e-06
2349,0.09531944
2350,0.9999981
2351,0.9999902
2352,1.866241e-11
2353,7.897716e-07
2354,7.381939e-07
2355,1.0
2356,1.0
2357,1.0
2358,0.6048209
2359,0.22060543
2360,0.65223294
2361,1.0
2362,9.703225e-09
2363,0.0034941165
2364,2.774522e-09
2365,0.2975142
2366,0.9999999
2367,1.0
2368,0.9999994
2369,1.0
2370,1.0
2371,0.99881387
2372,1.0
2373,0.9284832
2374,0.00017804452
2375,0.99999917
2376,0.9999999
2377,1.0
2378,0.9999999
2379,0.9999927
2380,1.0
2381,1.0
2382,5.219824e-07
2383,0.0022230842
2384,0.99998045
2385,0.99114406
2386,0.99998975
2387,4.55117e-08
2388,1.0
2389,0.99952173
2390,8.6877924e-05
2391,3.5068792e-15
2392,0.0020806727
2393,0.99022186
2394,0.00012625816
2395,1.0
2396,1.0
2397,1.0
2398,0.9999825
2399,1.0
2400,0.70945674
2401,0.9961402
2402,0.8753144
2403,1.0
2404,1.0
2405,0.9999995
2406,2.5291331e-09
2407,3.0041062e-06
2408,1.0
2409,0.99534756
2410,0.9998833
2411,8.638519e-22
2412,0.96690905
2413,5.502811e-07
2414,0.9999999
2415,0.94136584
2416,0.0005201232
2417,1.0
2418,0.99999905
2419,0.2642202
2420,0.992963
2421,0.0062471745
2422,0.99999845
2423,0.99999905
2424,1.0
2425,0.99988675
2426,0.00024462945
2427,0.9999993
2428,0.83557034
2429,1.0
2430,1.0
2431,1.0
2432,0.000859384
2433,1.0
2434,1.0
2435,0.99972814
2436,0.6801203
2437,0.99251986
2438,1.0
2439,0.8032086
2440,1.0
2441,0.99908876
2442,0.7433564
2443,1.0
2444,0.0008675163
2445,1.0
2446,0.9983912
2447,6.0288654e-14
2448,1.0
2449,1.0
2450,0.99990046
2451,0.9927113
2452,1.0
2453,0.0057906113
2454,3.6782305e-05
2455,1.6304943e-05
2456,0.9998666
2457,2.4141928e-26
2458,2.98267e-06
2459,0.9999757
2460,7.603811e-09
2461,1.0
2462,1.0
2463,1.0
2464,1.0
2465,3.813342e-05
2466,1.0
2467,0.87580633
2468,1.0
2469,0.0019670546
2470,0.98943806
2471,0.00095103844
2472,0.0043581487
2473,1.0
2474,0.2216411
2475,2.8703089e-09
2476,0.9999999
2477,0.9831534
2478,0.9999994
2479,0.99999976
2480,1.0
2481,1.1005122e-07
2482,1.0
2483,0.99999774
2484,0.999877
2485,5.2825933e-05
2486,0.9997844
2487,1.0
2488,2.337842e-06
2489,0.49887967
2490,1.0
2491,0.013721442
2492,1.0
2493,1.0
2494,0.99999905
2495,1.0
2496,0.4062886
2497,1.8779598e-06
2498,0.00010937334
2499,0.000108273365
2500,1.0
2501,0.9999552
2502,0.47383177
2503,1.0
2504,1.989004e-05
2505,0.9499896
2506,0.2580887
2507,0.9938415
2508,1.0
2509,0.018418713
2510,0.9999999
2511,1.0215012e-10
2512,0.9999999
2513,0.010875211
2514,5.2763102e-05
2515,1.0
2516,0.99999905
2517,0.017425789
2518,1.0
2519,0.9999951
2520,0.81589293
2521,1.0
2522,1.2589189e-05
2523,1.0
2524,1.0
2525,1.0
2526,0.99999547
2527,0.004864418
2528,0.99945384
2529,1.0
2530,0.99960154
2531,2.3540223e-10
2532,0.97432137
2533,0.99990666
2534,1.0
2535,1.0
2536,0.9994815
2537,0.6678376
2538,0.99994195
2539,5.196212e-08
2540,0.9999999
2541,0.99999607
2542,0.015037558
2543,1.0
2544,0.99504447
2545,0.99999917
2546,1.0
2547,1.4395717e-11
2548,0.99845886
2549,1.0
2550,0.010498469
2551,1.0
2552,0.9999535
2553,1.0
2554,0.86180305
2555,5.61202e-15
2556,1.0
2557,1.0
2558,1.0
2559,1.0
2560,1.0
2561,1.0
2562,0.8556392
2563,2.3469548e-08
2564,0.010077473
2565,0.99999356
2566,0.7587904
2567,1.0
2568,1.0
2569,0.9999031
2570,1.0
2571,0.9999924
2572,0.9999918
2573,0.88038653
2574,1.1436195e-07
2575,1.1770592e-05
2576,2.2306974e-06
2577,1.0
2578,0.521697
2579,1.0
2580,0.00012888772
2581,1.0
2582,1.6045743e-07
2583,0.9983182
2584,0.00056658813
2585,0.7383719
2586,0.99997544
2587,0.99483526
2588,0.99991286
2589,0.8867049
2590,1.0376152e-25
2591,1.0
2592,0.99532604
2593,0.6067199
2594,1.0
2595,1.0
2596,1.0
2597,1.0
2598,0.9999932
2599,0.9998411
2600,1.0
2601,1.0
2602,0.8835601
2603,1.0
2604,0.00029687613
2605,1.0
2606,1.0
2607,1.0
2608,2.745743e-07
2609,0.15375057
2610,0.99999976
2611,0.975089
2612,1.0
2613,3.4229828e-08
2614,1.0
2615,0.9999784
2616,0.0016794796
2617,1.0
2618,0.41038853
2619,0.99602854
2620,1.0
2621,7.99419e-10
2622,4.085195e-07
2623,0.0005357928
2624,0.9998889
2625,1.0
2626,0.9837373
2627,1.0
2628,0.5825246
2629,0.8989554
2630,8.184122e-06
2631,0.7754266
2632,0.03245136
2633,1.0
2634,2.453179e-07
2635,0.9999081
2636,0.9584893
2637,1.0
2638,0.99404
2639,0.9999807
2640,0.96970236
2641,0.30121407
2642,1.0
2643,1.0
2644,1.3451108e-07
2645,0.96560436
2646,1.0
2647,1.0
2648,1.0
2649,0.9949922
2650,0.9795491
2651,0.0011176036
2652,1.0
2653,0.18390645
2654,0.00025428022
2655,0.80719656
2656,1.0
2657,1.6618553e-07
2658,2.940899e-17
2659,1.0
2660,0.99999595
2661,1.0
2662,1.0
2663,1.0
2664,0.00036919926
2665,0.27881932
2666,1.0
2667,1.0
2668,0.98260814
2669,0.22190315
2670,1.0
2671,0.99994683
2672,0.9999956
2673,0.4530644
2674,1.0
2675,1.0
2676,0.99999845
2677,1.0
2678,5.255947e-06
2679,3.1260315e-06
2680,0.9997813
2681,5.036202e-07
2682,1.0
2683,1.0
2684,1.0
2685,0.98139626
2686,0.9999962
2687,0.9999999
2688,1.0
2689,1.0
2690,6.9193256e-08
2691,0.99997497
2692,1.0
2693,0.93236965
2694,0.040486764
2695,0.99999213
2696,0.9982645
2697,1.0
2698,1.0
2699,0.9296118
2700,0.46080068
2701,0.048274647
2702,0.999998
2703,0.9999912
2704,1.0
2705,1.0
2706,0.99331105
2707,1.0
2708,0.99971193
2709,1.0
2710,0.9999678
2711,3.2695309e-07
2712,1.0
2713,0.9999982
2714,0.00016280003
2715,0.1299045
2716,1.0
2717,8.2190786e-07
2718,0.975546
2719,0.9999999
2720,0.82624185
2721,0.9284087
2722,1.0
2723,0.022471616
2724,0.96905804
2725,1.0
2726,5.276498e-06
2727,1.4059076e-07
2728,1.0
2729,0.94199103
2730,1.0
2731,0.7300988
2732,1.3893648e-05
2733,9.249457e-05
2734,1.0
2735,1.0
2736,0.88660264
2737,0.2738268
2738,1.0
2739,0.0060022585
2740,0.9525024
2741,0.04858645
2742,0.99992955
2743,0.94203246
2744,2.9139644e-09
2745,0.9991271
2746,0.97394955
2747,1.0
2748,0.9828509
2749,0.31603575
2750,1.1919923e-20
2751,1.0
2752,1.0
2753,1.0
2754,0.99878496
2755,0.060499843
2756,0.9999995
2757,0.009371136
2758,1.0
2759,1.0
2760,0.43352124
2761,7.499748e-05
2762,1.0
2763,0.9997143
2764,0.9999988
2765,1.0
2766,0.97124386
2767,0.9999999
2768,0.9999993
2769,0.9999987
2770,3.4961626e-17
2771,0.9999987
2772,0.72756606
2773,1.0
2774,0.9999914
2775,0.037067793
2776,1.0
2777,1.0
2778,0.99999964
2779,0.9598228
2780,1.0
2781,0.9999584
2782,2.7574774e-08
2783,1.0
2784,0.0002199777
2785,0.9866087
2786,0.98848814
2787,1.0
2788,3.955596e-06
2789,1.0
2790,0.17448677
2791,0.4294789
2792,0.99966705
2793,1.0
2794,1.0
2795,0.9985708
2796,0.9999629
2797,0.8818338
2798,1.0
2799,1.0
2800,0.99978775
2801,0.20030428
2802,0.0026317942
2803,1.0
2804,0.9999958
2805,0.0011468513
2806,0.999959
2807,1.0
2808,0.9999949
2809,0.98974025
2810,0.9281386
2811,1.0
2812,0.8741138
2813,1.0
2814,0.5146681
2815,1.0
2816,7.080413e-08
2817,1.8726709e-10
2818,2.7991553e-06
2819,0.99999475
2820,0.008724208
2821,1.0
2822,1.0
2823,1.0
2824,0.9978344
2825,1.0
2826,1.0
2827,1.0
2828,1.0
2829,0.99999845
2830,0.9999913
2831,0.92646
2832,0.9999999
2833,0.6412923
2834,0.43049312
2835,0.9999479
2836,1.0
2837,1.0
2838,1.0
2839,1.0
2840,1.2235518e-05
2841,0.9999981
2842,0.9879155
2843,1.0
2844,1.0
2845,1.0
2846,0.9816141
2847,1.0
2848,0.9999999
2849,0.9999994
2850,0.006823961
2851,0.99544924
2852,0.99835217
2853,0.9645206
2854,0.99929357
2855,1.0
2856,4.6607947e-05
2857,1.0
2858,0.9999999
2859,1.0
2860,1.0
2861,0.9152878
2862,1.0
2863,0.99999964
2864,0.96949
2865,1.0
2866,0.9958519
2867,0.004688669
2868,0.5649312
2869,0.9999999
2870,1.0
2871,0.9999976
2872,8.114951e-05
2873,1.0
2874,0.9999436
2875,0.1451628
2876,2.9064789e-11
2877,0.00034965837
2878,1.0
2879,0.99999654
2880,0.99999964
2881,0.081390105
2882,1.0
2883,1.0
2884,0.9999999
2885,5.9822524e-19
2886,1.0
2887,0.99996376
2888,0.9999882
2889,1.42055815e-05
2890,0.9538363
2891,1.0
2892,0.9911628
2893,0.003992229
2894,0.7366058
2895,0.0002018679
2896,1.0
2897,0.9258816
2898,1.0
2899,0.99999976
2900,0.0011745112
2901,1.0
2902,0.9999895
2903,0.016875645
2904,0.9937277
2905,0.00026809043
2906,0.9917129
2907,1.0
2908,0.99993455
2909,1.0
2910,1.0
2911,1.0
2912,1.926145e-09
2913,0.10389559
2914,0.98710513
2915,1.0
2916,1.0
2917,1.0
2918,1.0
2919,0.32130587
2920,0.9992662
2921,1.0
2922,1.0
2923,0.99333245
2924,0.5724901
2925,8.176914e-06
2926,1.0
2927,0.00020132834
2928,1.0
2929,1.0
2930,9.3557e-06
2931,3.484695e-07
2932,1.0
2933,0.9849223
2934,0.99994993
2935,1.0
2936,2.3957414e-09
2937,0.92144525
2938,1.0
2939,0.9010879
2940,0.99986947
2941,2.0348896e-05
2942,0.99984586
2943,1.0
2944,6.7088395e-06
2945,0.99926025
2946,1.0
2947,0.9999976
2948,0.00035271372
2949,1.0
2950,0.9186729
2951,1.0
2952,0.9998971
2953,0.99999976
2954,1.0
2955,6.3645986e-09
2956,1.0
2957,0.9997631
2958,1.0
2959,0.9989919
2960,0.99048245
2961,1.0
2962,0.48315707
2963,1.0
2964,1.0
2965,1.6655486e-05
2966,1.0
2967,0.9918052
2968,1.0
2969,9.606494e-08
2970,1.0
2971,1.0750471e-12
2972,1.0
2973,0.012389734
2974,0.9999881
2975,0.8743215
2976,0.6597016
2977,4.4708636e-06
2978,1.0
2979,1.0
2980,0.9999958
2981,0.75951296
2982,2.73412e-07
2983,0.74045396
2984,1.2843113e-06
2985,0.9842016
2986,0.6355419
2987,0.97792095
2988,1.0
2989,6.582301e-05
2990,1.0
2991,0.0035010937
2992,0.9999999
2993,9.490412e-05
2994,0.9992725
2995,0.99999917
2996,1.0
2997,1.0
2998,4.64022e-18
2999,1.0
3000,0.9876901
3001,0.9999801
3002,1.0
3003,0.9999726
3004,1.0
3005,0.99999976
3006,2.6937481e-05
3007,2.429448e-09
3008,0.9998704
3009,0.9990784
3010,1.0
3011,7.3394547e-20
3012,0.9997842
3013,1.0
3014,1.0
3015,3.5904242e-05
3016,0.0021433493
3017,1.0
3018,1.0
3019,0.4720838
3020,0.9999474
3021,0.9948954
3022,0.99879384
3023,0.9877457
3024,1.0
3025,1.0287474e-06
3026,1.0
3027,0.9999993
3028,0.0024175374
3029,0.9439215
3030,0.067041166
3031,1.0
3032,1.0
3033,2.29828e-07
3034,0.08749864
3035,0.99997103
3036,1.10690835e-05
3037,1.0
3038,1.0
3039,1.0
3040,0.99972147
3041,0.70411325
3042,1.0
3043,1.0
3044,0.9911773
3045,0.9997249
3046,1.0
3047,1.430182e-05
3048,1.0
3049,0.9997009
3050,0.71168023
3051,0.9999502
3052,0.01709348
3053,0.99999976
3054,0.99999785
3055,1.0
3056,1.0
3057,0.8388062
3058,1.0
3059,0.23467784
3060,1.1146598e-07
3061,1.0
3062,0.9995664
3063,1.0
3064,1.0
3065,1.0
3066,0.97030747
3067,1.0
3068,0.5330899
3069,1.0
3070,0.99999535
3071,0.99999905
3072,1.0
3073,0.2579651
3074,4.3514694e-09
3075,1.0
3076,1.0
3077,1.0
3078,3.422629e-05
3079,0.52176625
3080,0.9999993
3081,1.0
3082,1.2575384e-08
3083,1.0
3084,0.9970757
3085,1.0
3086,1.0958765e-05
3087,0.99995565
3088,1.0
3089,0.99999905
3090,0.9999999
3091,0.0001270692
3092,3.595261e-24
3093,1.0
3094,0.8516998
3095,1.0
3096,1.0443686e-05
3097,0.99943596
3098,1.0
3099,1.0
3100,6.0885054e-06
3101,1.0
3102,1.0
3103,1.0
3104,0.9999169
3105,0.99680847
3106,0.9999988
3107,3.484799e-06
3108,8.900715e-09
3109,1.0
3110,0.9999999
3111,1.0
3112,0.9643619
3113,1.0
3114,1.8804365e-06
3115,0.00086178863
3116,0.008330545
3117,1.0
3118,2.3232887e-14
3119,1.0
3120,4.7470046e-05
3121,1.4068373e-06
3122,1.0
3123,0.99862933
3124,1.3714126e-12
3125,0.39556003
3126,4.2781154e-05
3127,0.9999995
3128,0.052783687
3129,1.0
3130,1.0
3131,0.999998
3132,0.99970263
3133,0.99999404
3134,1.0
3135,0.9998858
3136,0.9997644
3137,0.52340937
3138,0.13223153
3139,0.0009912329
3140,1.0
3141,0.9999999
3142,6.527562e-12
3143,1.0
3144,1.0
3145,0.8984468
3146,1.0
3147,0.99998343
3148,1.0
3149,0.0729752
3150,6.316544e-06
3151,0.99999976
3152,0.8205647
3153,0.0006726999
3154,1.0
3155,0.11278353
3156,4.394906e-06
3157,1.0
3158,1.0
3159,1.0
3160,1.0
3161,1.0
3162,0.43291447
3163,1.0
3164,5.52003e-07
3165,1.9719055e-16
3166,0.82435584
3167,0.9996488
3168,3.1588588e-06
3169,9.04113e-11
3170,2.813708e-09
3171,0.9999999
3172,0.9999975
3173,1.0
3174,6.598514e-06
3175,0.9456014
3176,0.99993193
3177,0.0010423225
3178,0.9999994
3179,0.99999785
3180,1.0
3181,1.0
3182,0.072792575
3183,0.99999857
3184,0.00010363074
3185,0.03985377
3186,1.0
3187,9.065955e-06
3188,0.2071386
3189,2.3395784e-05
3190,1.0
3191,0.99999595
3192,0.99999964
3193,0.99999464
3194,0.053554423
3195,0.985683
3196,1.0
3197,0.17691167
3198,0.9999995
3199,0.9941705
3200,1.0
3201,0.9999298
3202,0.9774778
3203,1.0
3204,1.0
3205,8.348543e-12
3206,1.0
3207,7.544454e-08
3208,0.00064388104
3209,0.9999759
3210,1.0
3211,0.9676261
3212,1.0
3213,3.0586605e-15
3214,1.0
3215,0.28176466
3216,0.9998878
3217,0.9999304
3218,1.0
3219,1.2172727e-05
3220,0.0025428594
3221,0.99806195
3222,0.00045096793
3223,0.9999114
3224,1.0
3225,1.0
3226,8.868061e-09
3227,0.9999995
3228,0.60107803
3229,1.0
3230,0.07581059
3231,1.0
3232,0.99902284
3233,0.98042876
3234,4.601377e-07
3235,0.9999989
3236,0.99999976
3237,8.960975e-07
3238,0.9999758
3239,0.00083649793
3240,0.99998903
3241,0.99894744
3242,1.37647985e-05
3243,1.0
3244,1.0
3245,3.4000394e-08
3246,4.771139e-09
3247,0.998184
3248,0.9999999
3249,0.9993243
3250,2.460739e-10
3251,1.6109281e-07
3252,0.97935414
3253,3.2648175e-09
3254,0.10570987
3255,1.0
3256,0.24154538
3257,0.99999976
3258,1.0
3259,1.0
3260,1.0672879e-05
3261,0.07991844
3262,0.051515818
3263,1.0
3264,0.99989986
3265,0.00014011597
3266,1.0
3267,1.0
3268,0.99999964
3269,0.9884114
3270,0.58710194
3271,1.0
3272,0.9958715
3273,1.0
3274,1.0
3275,0.5480554
3276,1.0
3277,0.9999999
3278,0.9999999
3279,0.9999937
3280,1.0
3281,1.0
3282,0.0010907755
3283,2.2498867e-09
3284,1.0
3285,1.0
3286,6.742011e-05
3287,0.9998598
3288,1.0
3289,0.0005094575
3290,0.9803223
3291,0.0006756864
3292,0.91845214
3293,0.9527704
3294,1.0
3295,0.9996855
3296,9.447836e-13
3297,1.0
3298,0.999295
3299,0.0039647305
3300,0.9982487
3301,1.0
3302,1.0
3303,0.97296554
3304,0.22588302
3305,1.0
3306,0.9999989
3307,0.9999995
3308,1.0
3309,0.9594018
3310,1.0
3311,1.0
3312,0.24612305
3313,0.96413845
3314,0.072169974
3315,1.0
3316,0.0032796673
3317,0.99999976
3318,1.0
3319,0.00027590367
3320,0.99999976
3321,0.0008343633
3322,0.9999987
3323,1.0
3324,9.6846176e-14
3325,1.0
3326,1.0
3327,0.99998736
3328,0.99982685
3329,2.0416633e-14
3330,3.8642898e-19
3331,0.99999547
3332,1.0
3333,0.9993568
3334,0.7495865
3335,0.9996018
3336,0.001865592
3337,0.99960417
3338,1.0
3339,0.9953365
3340,1.0
3341,0.99999344
3342,3.0860667e-06
3343,0.662265
3344,0.99293643
3345,0.00011091399
3346,0.004280982
3347,1.1760541e-07
3348,1.0
3349,0.8039317
3350,0.999992
3351,0.001777738
3352,1.0
3353,1.0
3354,1.0
3355,4.3499693e-08
3356,1.0
3357,0.00015876863
3358,1.0
3359,0.99743336
3360,0.84105545
3361,1.0
3362,0.008594826
3363,1.5774782e-08
3364,0.73598945
3365,3.9680567e-06
3366,0.1841347
3367,0.0013462482
3368,0.9999932
3369,1.0
3370,1.0
3371,0.0005319407
3372,0.10061243
3373,8.088252e-05
3374,1.0
3375,0.9783272
3376,0.98191607
3377,0.99999917
3378,1.0
3379,0.7556748
3380,0.9999646
3381,0.03429319
3382,1.0
3383,1.0
3384,1.0
3385,0.0008754306
3386,1.0
3387,0.999835
3388,1.0
3389,1.0
3390,1.0
3391,1.6687495e-06
3392,0.00040880838
3393,6.4726986e-20
3394,0.20917042
3395,1.0
3396,1.0
3397,0.0012164586
3398,2.0596107e-07
3399,0.45353556
3400,3.0044438e-14
3401,1.0
3402,0.99999964
3403,0.9824233
3404,0.9999989
3405,1.0
3406,0.9989505
3407,1.0
3408,0.999992
3409,0.59021884
3410,0.17160983
3411,0.48846927
3412,0.99997294
3413,0.018385066
3414,0.9999975
3415,2.757465e-07
3416,6.5981327e-09
3417,0.9999813
3418,0.95114523
3419,0.006399542
3420,1.0
3421,0.8084637
3422,0.095057994
3423,0.9999988
3424,1.0
3425,0.8926114
3426,1.0330957e-05
3427,0.00027432074
3428,0.00091209
3429,0.20743115
3430,1.0
3431,0.9999933
3432,0.9948591
3433,1.0
3434,2.5172676e-06
3435,0.99499846
3436,0.9999893
3437,0.99998474
3438,1.0
3439,1.0
3440,1.0
3441,0.31453416
3442,3.6686612e-09
3443,5.270517e-15
3444,1.0
3445,0.99636555
3446,0.0009848844
3447,0.92900544
3448,0.49466884
3449,0.009191423
3450,0.99988556
3451,1.0
3452,0.020132296
3453,3.9013926e-06
3454,1.0
3455,0.9999651
3456,1.0
3457,2.4981023e-06
3458,1.0
3459,0.00019085284
3460,1.0
3461,0.1435325
3462,1.0
3463,0.97797716
3464,1.0
3465,0.0001049399
3466,1.0
3467,0.9688107
3468,0.082744665
3469,0.68340135
3470,0.9999994
3471,0.0010275572
3472,1.9688692e-05
3473,0.99999666
3474,3.0773193e-05
3475,2.7766326e-14
3476,0.9999229
3477,1.0
3478,1.0
3479,0.99999785
3480,0.99999976
3481,0.99999976
3482,1.0
3483,0.9865023
3484,1.0
3485,1.1043935e-08
3486,1.0
3487,1.0
3488,1.0
3489,1.0
3490,0.19627108
3491,0.51890594
3492,9.090321e-08
3493,1.0
3494,0.00012817075
3495,1.0
3496,1.0
3497,1.0
3498,1.0
3499,1.0
3500,0.9999999
3501,0.98027796
3502,0.9993672
3503,1.0
3504,0.0033008875
3505,0.99999034
3506,0.99991345
3507,0.5388425
3508,1.0
3509,0.45609763
3510,0.97995055
3511,0.9272381
3512,0.9997553
3513,0.19511257
3514,0.99998844
3515,1.0
3516,0.99999976
3517,0.99868506
3518,3.426405e-12
3519,1.0
3520,1.0
3521,0.9230764
3522,1.0
3523,0.0004015394
3524,1.0
3525,1.0
3526,3.127054e-05
3527,0.5892017
3528,0.22066948
3529,0.99999857
3530,0.9999999
3531,1.0
3532,1.0
3533,8.566719e-05
3534,1.0
3535,1.0
3536,0.86525524
3537,9.2153124e-07
3538,1.0
3539,0.9999999
3540,0.99999964
3541,1.0
3542,1.0
3543,0.024881218
3544,0.99976903
3545,0.9999999
3546,0.99999726
3547,1.0
3548,1.0
3549,1.0
3550,1.0
3551,0.13749027
3552,1.0
3553,0.999997
3554,6.926115e-11
3555,4.7270965e-21
3556,0.9999999
3557,1.0
3558,1.0
3559,0.9999999
3560,1.0
3561,0.65956706
3562,0.035335805
3563,0.9999995
3564,0.97781974
3565,0.9981857
3566,1.5005996e-07
3567,0.9998771
3568,0.012435245
3569,1.0
3570,1.0
3571,0.99999964
3572,3.9873597e-11
3573,1.0
3574,1.0
3575,1.0
3576,0.00016949396
3577,0.0012616852
3578,1.0
3579,0.9999999
3580,0.99999845
3581,1.0
3582,6.987717e-09
3583,1.0
3584,1.0
3585,1.0
3586,0.01331091
3587,1.0
3588,0.9994217
3589,8.1021954e-14
3590,1.0
3591,1.0
3592,1.0
3593,1.0
3594,1.0
3595,0.0011997317
3596,1.0
3597,0.9998242
3598,1.0
3599,1.0
3600,4.942199e-06
3601,1.0
3602,1.0
3603,0.00026638998
3604,0.9999999
3605,1.0
3606,0.999918
3607,1.0
3608,0.99999976
3609,1.0
3610,1.0
3611,0.98172563
3612,0.0016385091
3613,2.3485562e-17
3614,0.999074
3615,0.99965465
3616,9.8914556e-05
3617,0.0015370249
3618,1.0
3619,1.0
3620,1.0
3621,0.99998474
3622,1.0
3623,0.9999999
3624,0.586805
3625,1.2152668e-11
3626,1.0
3627,0.0007352032
3628,0.9959053
3629,1.0
3630,0.9999994
3631,0.042755127
3632,0.9495111
3633,0.008884479
3634,0.06383588
3635,0.9999989
3636,2.3041174e-15
3637,0.99999976
3638,1.0
3639,0.9756243
3640,0.086537994
3641,0.9689181
3642,1.0
3643,2.6734855e-07
3644,0.9999995
3645,3.9415478e-05
3646,1.0279117e-05
3647,0.29479772
3648,0.00095583755
3649,9.700389e-05
3650,0.99993396
3651,1.0
3652,1.0
3653,0.9998753
3654,0.9975909
3655,1.0
3656,1.0
3657,0.055961683
3658,0.99993265
3659,5.4658116e-08
3660,1.0
3661,1.0
3662,1.0
3663,0.91921026
3664,1.0
3665,1.3153235e-06
3666,1.3125156e-12
3667,0.9999994
3668,0.99986446
3669,0.9981323
3670,1.0
3671,1.0
3672,1.0
3673,2.3806636e-07
3674,2.5194222e-09
3675,0.7869325
3676,0.99999547
3677,0.66205615
3678,0.9999994
3679,1.0
3680,0.99925464
3681,0.99993885
3682,1.0
3683,1.0
3684,7.6679754e-07
3685,1.0
3686,0.99998045
3687,0.99998915
3688,0.035443056
3689,0.99647766
3690,0.9968292
3691,2.6998352e-06
3692,0.99996924
3693,1.0
3694,0.99999166
3695,0.99999845
3696,0.91210663
3697,1.0
3698,0.2089654
3699,7.529881e-05
3700,0.09669085
3701,0.9958688
3702,1.0
3703,9.86011e-16
3704,0.95724744
3705,1.0
3706,0.92199403
3707,1.0
3708,1.0
3709,0.20330036
3710,1.0
3711,0.96149826
3712,0.5673969
3713,1.0
3714,0.87616366
3715,0.97797364
3716,1.4255274e-07
3717,1.0
3718,1.0
3719,1.0
3720,1.0
3721,0.99982494
3722,0.9997491
3723,0.9999993
3724,1.0
3725,1.0
3726,0.00012888835
3727,1.0394266e-12
3728,0.99999905
3729,0.9999994
3730,1.0
3731,0.18668476
3732,0.999992
3733,1.0
3734,0.9996118
3735,0.99999976
3736,3.6604135e-09
3737,1.0
3738,0.9999945
3739,1.0
3740,0.99487853
3741,1.0
3742,1.0
3743,0.99852556
3744,0.9849904
3745,0.9997806
3746,1.0
3747,1.0
3748,0.9999995
3749,1.0
3750,0.99925226
3751,6.825549e-31
3752,0.00014781028
3753,0.99999297
3754,1.0
3755,0.9999999
3756,0.99163604
3757,3.1108467e-08
3758,4.109147e-07
3759,0.9999999
3760,0.99999607
3761,0.99993646
3762,0.52231544
3763,0.99998295
3764,0.981482
3765,1.0
3766,1.0
3767,0.99999845
3768,0.021655222
3769,0.03989616
3770,0.9999993
3771,0.9355954
3772,0.00017741478
3773,0.046774983
3774,1.0
3775,1.0
3776,1.0
3777,0.021193217
3778,0.9999682
3779,1.7976498e-07
3780,1.0
3781,2.6311807e-05
3782,1.9024635e-09
3783,0.99964094
3784,0.003625266
3785,0.6731902
3786,0.8208513
3787,1.0
3788,0.4642374
3789,7.8820395e-11
3790,0.99998367
3791,0.97339135
3792,0.99768734
3793,1.0
3794,0.99998164
3795,0.9999974
3796,0.04775881
3797,0.99844223
3798,1.0
3799,1.0
3800,1.6262942e-10
3801,0.89630616
3802,1.0
3803,1.0
3804,0.9999664
3805,0.060522623
3806,1.0
3807,1.0
3808,0.9999999
3809,0.96199733
3810,1.0
3811,1.0
3812,2.0945703e-13
3813,2.5067669e-17
3814,0.0012032567
3815,1.0
3816,0.99039674
3817,0.9999999
3818,8.198004e-20
3819,0.65967715
3820,0.08851397
3821,1.0
3822,0.46918488
3823,8.3167953e-07
3824,1.0
3825,6.4088385e-10
3826,1.0
3827,1.0
3828,0.0020558597
3829,0.99999523
3830,1.0
3831,0.56897414
3832,0.00092570053
3833,1.0
3834,1.0
3835,4.7380587e-07
3836,0.9953122
3837,0.9999777
3838,1.0
3839,1.0
3840,0.003212283
3841,0.100773744
3842,0.97906876
3843,1.0
3844,0.97001296
3845,0.9999999
3846,0.00048220373
3847,0.9999975
3848,0.56010884
3849,5.7868947e-06
3850,1.0
3851,9.989011e-05
3852,0.9999702
3853,1.0
3854,0.0001373824
3855,1.0
3856,1.0
3857,7.161908e-08
3858,0.986251
3859,0.999998
3860,0.0021699015
3861,0.9994506
3862,2.2013799e-17
3863,0.99997735
3864,0.00021067505
3865,0.94764054
3866,3.4468968e-07
3867,3.3025728e-08
3868,0.004570954
3869,0.999998
3870,1.0
3871,0.58158946
3872,1.9581196e-17
3873,1.0
3874,4.104129e-06
3875,0.38157532
3876,1.0
3877,2.7290711e-05
3878,0.99999535
3879,0.870445
3880,1.8920981e-10
3881,0.9551996
3882,1.0
3883,1.1391806e-09
3884,0.99990964
3885,1.0
3886,0.9315878
3887,0.46332857
3888,2.0526636e-09
3889,1.0
3890,0.33167225
3891,0.9994555
3892,0.945681
3893,0.99996483
3894,0.99999094
3895,1.0
3896,0.00082465104
3897,1.0
3898,1.0
3899,0.9999999
3900,0.9999994
3901,1.0
3902,0.046904374
3903,1.0
3904,0.0023333314
3905,0.9999994
3906,0.8924972
3907,0.0054290434
3908,1.0
3909,0.9999759
3910,1.0
3911,3.806465e-14
3912,5.0131527e-10
3913,0.3003336
3914,1.0
3915,5.7978605e-06
3916,0.42609465
3917,1.0
3918,0.99999964
3919,0.9999999
3920,0.98717
3921,0.0047170348
3922,1.6481304e-11
3923,0.9670874
3924,1.2112298e-07
3925,0.99904543
3926,0.99980897
3927,1.0
3928,1.0
3929,0.9999989
3930,1.0
3931,0.9996972
3932,1.0
3933,0.99666804
3934,0.968211
3935,1.0
3936,0.9968202
3937,0.99982953
3938,0.9951127
3939,1.0
3940,0.022136118
3941,0.9998795
3942,0.99999034
3943,1.0
3944,0.99997795
3945,1.0
3946,0.999845
3947,0.9999449
3948,0.99973243
3949,1.600032e-16
3950,0.9686178
3951,0.99869615
3952,0.00045041088
3953,1.0
3954,0.9996611
3955,1.0
3956,1.0
3957,2.3673404e-06
3958,1.0
3959,1.0
3960,1.0
3961,4.014904e-07
3962,1.0
3963,6.4116787e-09
3964,0.9790926
3965,0.0019161161
3966,0.9999993
3967,0.99709105
3968,1.0
3969,1.0
3970,0.9999217
3971,0.685693
3972,2.7111224e-10
3973,3.7161973e-10
3974,0.00020213195
3975,0.9999976
3976,0.99917585
3977,0.01883424
3978,1.0
3979,1.8098953e-08
3980,0.00016280051
3981,0.5674072
3982,0.7230285
3983,0.0072406125
3984,0.9999691
3985,1.0
3986,1.0
3987,9.603888e-13
3988,1.0
3989,1.0
3990,0.9813731
3991,0.9939889
3992,0.9999999
3993,1.0
3994,0.0015496564
3995,4.976907e-07
3996,0.9941797
3997,1.0
3998,1.0
3999,0.2878456
4000,1.0
4001,0.5206601
4002,0.8329072
4003,1.0
4004,0.9999962
4005,0.9819926
4006,0.346809
4007,1.0
4008,1.0
4009,1.0151053e-05
4010,1.0315959e-07
4011,0.13269643
4012,0.99999475
4013,1.0
4014,0.9995757
4015,0.020599779
4016,0.99997663
4017,1.0
4018,0.0046028406
4019,1.0
4020,1.0
4021,2.0592617e-22
4022,1.0
4023,1.3078071e-09
4024,0.9975897
4025,0.43542838
4026,0.00082838617
4027,0.4996096
4028,1.0
4029,0.99993396
4030,1.0
4031,0.99975413
4032,0.004085968
4033,1.0
4034,0.9908993
4035,1.0
4036,1.0
4037,4.3046464e-05
4038,1.744215e-08
4039,1.0
4040,0.99999166
4041,0.9999999
4042,1.0
4043,1.0
4044,1.0
4045,0.99999607
4046,0.9707106
4047,1.0
4048,0.0011542432
4049,0.0028601873
4050,1.0
4051,0.9958496
4052,0.99999726
4053,0.99999964
4054,0.0028011934
4055,0.99997497
4056,1.0
4057,0.98624206
4058,1.0
4059,1.0
4060,1.1957493e-09
4061,1.0
4062,1.0
4063,0.0006280898
4064,1.0
4065,1.0
4066,0.0009287959
4067,1.0
4068,1.0
4069,0.00015159456
4070,1.0
4071,1.0
4072,1.0
4073,1.0
4074,0.052602224
4075,0.9999999
4076,1.0
4077,7.615454e-12
4078,4.9649184e-17
4079,0.94959086
4080,0.41503128
4081,1.0
4082,0.9988495
4083,1.0
4084,1.0
4085,1.0
4086,0.99999845
4087,1.0
4088,1.0
4089,0.9988462
4090,1.0
4091,0.6319446
4092,1.0
4093,1.0
4094,1.0
4095,3.235648e-14
4096,0.9956632
4097,0.95088494
4098,1.0
4099,0.99876654
4100,1.0
4101,6.90964e-05
4102,1.0
4103,0.9999999
4104,0.030387789
4105,0.9999958
4106,0.9999573
4107,0.030878812
4108,5.7454375e-10
4109,1.0
4110,1.0
4111,0.9995183
4112,1.0
4113,1.0
4114,1.0
4115,1.0
4116,0.9999999
4117,0.99998796
4118,0.988744
4119,1.0
4120,0.99997747
4121,1.0
4122,0.45480686
4123,1.0
4124,0.042987105
4125,0.65821517
4126,1.0
4127,0.9999999
4128,3.6572235e-06
4129,0.14183328
4130,2.5231262e-08
4131,1.0
4132,0.30356827
4133,0.99996734
4134,0.9999949
4135,0.28025115
4136,6.445971e-07
4137,1.0
4138,0.08264143
4139,1.0
4140,0.021544594
4141,1.0
4142,0.99998844
4143,0.9999958
4144,1.0
4145,0.018503562
4146,3.6580677e-06
4147,0.99919015
4148,1.0
4149,0.99980897
4150,2.561116e-07
4151,1.0
4152,0.99797887
4153,0.9999989
4154,0.99281186
4155,8.29154e-07
4156,0.004420655
4157,1.0
4158,1.0
4159,1.0
4160,0.9999887
4161,0.99879766
4162,0.026124738
4163,1.0
4164,1.0
4165,1.0
4166,0.85350645
4167,1.0
4168,0.99999964
4169,1.0
4170,0.9999976
4171,1.0
4172,1.0
4173,1.0
4174,0.9999989
4175,1.0
4176,1.0
4177,1.0
4178,0.15201871
4179,8.962651e-06
4180,1.313293e-06
4181,1.2210067e-09
4182,0.99718446
4183,1.0
4184,0.14466554
4185,0.05272345
4186,1.0
4187,1.0
4188,1.0
4189,0.0021924295
4190,0.99999857
4191,0.9999969
4192,0.99929833
4193,1.0
4194,8.7423e-10
4195,0.0035428167
4196,0.005012486
4197,0.10697861
4198,1.0
4199,0.995025
4200,1.0
4201,0.99995697
4202,0.99972314
4203,1.0
4204,0.99994946
4205,0.99971694
4206,1.0
4207,0.0001379295
4208,1.0
4209,8.8740264e-05
4210,1.0
4211,1.0
4212,0.68915707
4213,1.0
4214,0.934019
4215,0.016244235
4216,1.0
4217,0.99997604
4218,0.022255162
4219,0.40935266
4220,0.99999976
4221,6.5916787e-13
4222,0.9999999
4223,1.0
4224,0.00046310236
4225,0.95201373
4226,0.0006094461
4227,2.5053337e-09
4228,0.9945891
4229,0.9999999
4230,0.0009842034
4231,1.7084952e-17
4232,1.0
4233,0.99997413
4234,3.1486896e-05
4235,0.0001114919
4236,0.9999831
4237,0.99997854
4238,1.0
4239,2.1687018e-21
4240,0.99999905
4241,0.9962838
4242,0.99998784
4243,0.9968172
4244,0.9999988
4245,0.9998299
4246,0.019320296
4247,0.00026486488
4248,0.0013590402
4249,1.0
4250,1.0
4251,0.20246607
4252,1.0
4253,0.9999366
4254,0.9989203
4255,0.69428843
4256,0.0009599436
4257,9.401421e-06
4258,1.0
4259,4.6669786e-07
4260,1.0
4261,0.54651207
4262,1.0
4263,1.0
4264,0.08078134
4265,0.005137015
4266,1.3263184e-07
4267,1.0
4268,0.91923743
4269,0.99999976
4270,0.96244156
4271,1.0
4272,2.4655202e-07
4273,2.335045e-09
4274,0.9977448
4275,0.33455345
4276,1.0
4277,0.99835926
4278,1.0
4279,6.0611785e-07
4280,1.0
4281,0.5567729
4282,9.8828765e-05
4283,0.9999994
4284,8.144046e-05
4285,0.99976414
4286,0.0070461454
4287,0.018414628
4288,0.026236141
4289,0.9999796
4290,0.9999951
4291,0.99272585
4292,1.0
4293,0.99999917
4294,1.0
4295,0.9956429
4296,1.0
4297,1.0
4298,0.9982497
4299,6.530621e-06
4300,1.5192781e-16
4301,0.9398007
4302,1.0
4303,0.95314413
4304,0.9998191
4305,0.00026460667
4306,1.0
4307,0.9973285
4308,0.9999925
4309,1.0
4310,1.0
4311,0.9999999
4312,0.9942425
4313,1.0
4314,1.0
4315,1.0
4316,1.4539903e-06
4317,0.99965644
4318,0.9999684
4319,7.650578e-10
4320,2.436557e-13
4321,0.99879223
4322,0.99997234
4323,1.0
4324,1.0
4325,0.8267248
4326,0.9992536
4327,0.004127087
4328,9.02485e-07
4329,1.0
4330,0.11425257
4331,1.0
4332,0.9999465
4333,1.0
4334,0.039145097
4335,1.0
4336,1.0
4337,0.96265185
4338,5.5541314e-08
4339,0.11551176
4340,0.9988985
4341,0.9994855
4342,0.06522388
4343,1.0
4344,0.9999634
4345,0.00010575721
4346,0.92853427
4347,1.0
4348,0.0020294094
4349,0.4951526
4350,0.71467626
4351,1.0
4352,0.99999833
4353,0.927185
4354,0.9998909
4355,0.86155146
4356,0.999899
4357,0.9999999
4358,0.9551996
4359,0.9970143
4360,1.0
4361,0.9999999
4362,0.999985
4363,0.9125945
4364,1.0
4365,0.002474282
4366,0.9999778
4367,0.9999974
4368,0.99847895
4369,3.43273e-05
4370,0.9999999
4371,0.5650503
4372,1.0
4373,1.0
4374,0.83625704
4375,0.010988321
4376,0.9510672
4377,1.0
4378,1.0
4379,1.0
4380,1.0
4381,0.0021425884
4382,1.0
4383,1.0
4384,1.0
4385,0.9780586
4386,1.0
4387,0.999954
4388,1.1369518e-12
4389,0.9999975
4390,0.20833713
4391,0.99999905
4392,5.350919e-09
4393,4.9307895e-11
4394,0.98703873
4395,1.0
4396,3.191168e-07
4397,1.0
4398,0.99999523
4399,0.9995466
4400,0.9999777
4401,0.999995
4402,1.0
4403,1.0
4404,1.0
4405,1.0
4406,0.99748117
4407,0.00075979583
4408,0.99999166
4409,1.0
4410,1.0
4411,1.0
4412,1.0
4413,0.9999999
4414,1.0
4415,7.469764e-09
4416,0.00012216608
4417,0.0008101086
4418,0.9827528
4419,1.0
4420,0.7009252
4421,8.123261e-20
4422,0.999998
4423,0.07426191
4424,0.99173284
4425,0.999405
4426,0.044633348
4427,0.039975066
4428,0.001062895
4429,0.008191024
4430,1.0
4431,0.99992824
4432,0.9999846
4433,0.99999905
4434,0.99876523
4435,1.0
4436,0.020448422
4437,0.99987566
4438,0.40715697
4439,0.9597159
4440,1.0
4441,1.0
4442,0.09943929
4443,0.00020314458
4444,2.0104481e-07
4445,0.98805726
4446,1.0
4447,0.01211969
4448,0.028282154
4449,1.0
4450,0.9892508
4451,0.95746934
4452,5.9174052e-09
4453,0.99672604
4454,0.9999999
4455,0.17312677
4456,0.9815044
4457,0.00014671948
4458,1.0
4459,0.662123
4460,1.0
4461,0.0029905147
4462,2.1126469e-12
4463,0.817242
4464,1.0
4465,0.03903677
4466,1.0
4467,1.0
4468,0.9593467
4469,0.99484336
4470,0.99999833
4471,1.0
4472,0.99999726
4473,0.9839962
4474,1.0
4475,0.99312913
4476,1.508321e-08
4477,1.0
4478,0.99999964
4479,0.99997616
4480,1.0
4481,0.99992895
4482,0.95220286
4483,1.0
4484,0.9646243
4485,0.67610013
4486,0.9998653
4487,0.9823011
4488,0.00018732762
4489,1.0
4490,1.0
4491,0.9999987
4492,1.0
4493,3.0107483e-06
4494,0.0008101712
4495,0.0031146575
4496,0.9986162
4497,1.0
4498,0.9999989
4499,0.0005331412
4500,5.6223625e-14
4501,0.26317003
4502,1.0
4503,0.99999976
4504,4.628364e-05
4505,0.99998796
4506,0.9999999
4507,0.99999857
4508,0.9999988
4509,0.226686
4510,1.0
4511,0.9990513
4512,0.007021025
4513,0.9744003
4514,0.03830416
4515,7.427628e-05
4516,0.050241634
4517,0.51573217
4518,0.8677711
4519,0.00043986324
4520,0.9998561
4521,1.0
4522,0.994052
4523,0.9994405
4524,0.9999993
4525,1.0
4526,1.0
4527,0.9999548
4528,0.9927989
4529,1.0
4530,0.9999958
4531,0.99998903
4532,1.0
4533,1.0
4534,0.00073558296
4535,5.425605e-07
4536,1.0
4537,1.0
4538,8.485756e-07
4539,7.5316436e-08
4540,1.0
4541,1.0
4542,1.0
4543,0.0020462205
4544,0.44340527
4545,0.9999989
4546,0.020825354
4547,2.012349e-07
4548,0.99997497
4549,3.8876988e-10
4550,0.9979188
4551,1.0
4552,1.0
4553,0.9999999
4554,0.025264353
4555,0.9983713
4556,0.9983713
4557,0.9989636
4558,2.8733564e-06
4559,1.0
4560,0.0016099833
4561,0.0010612136
4562,9.343164e-06
4563,0.45969167
4564,0.0061949627
4565,1.0
4566,1.0
4567,0.99999833
4568,0.7246435
4569,1.0
4570,0.99724543
4571,5.673835e-10
4572,0.9999825
4573,0.029401312
4574,1.0
4575,3.8901317e-07
4576,1.0
4577,1.0
4578,0.9999981
4579,0.026356906
4580,1.0
4581,1.0
4582,0.2811272
4583,1.0
4584,0.9999999
4585,0.8312927
4586,1.0
4587,2.6615615e-10
4588,0.009631091
4589,1.0
4590,3.389143e-05
4591,0.02533017
4592,0.9969337
4593,1.0
4594,6.942379e-06
4595,0.9990426
4596,1.0
4597,1.0
4598,1.0
4599,0.0007726854
4600,0.97768164
4601,1.7850603e-08
4602,1.0
4603,0.9999999
4604,0.94070566
4605,1.0
4606,0.9999999
4607,1.0
4608,1.4302024e-06
4609,1.0
4610,1.0
4611,0.9999112
4612,1.0
4613,0.9992003
4614,1.0
4615,1.0
4616,0.9999999
4617,0.26429105
4618,0.69742763
4619,0.9999738
4620,1.0
4621,0.9999995
4622,5.7646417e-08
4623,1.4274396e-08
4624,1.0
4625,0.34658146
4626,0.023052968
4627,1.0
4628,6.4058603e-09
4629,1.0
4630,0.5736049
4631,1.0
4632,1.0
4633,0.9778788
4634,6.530525e-08
4635,1.0
4636,0.99358034
4637,0.9914948
4638,0.9904226
4639,1.0
4640,3.7697694e-06
4641,0.14556138
4642,1.0
4643,5.880739e-05
4644,0.9891804
4645,0.99599445
4646,0.2049824
4647,1.0
4648,1.2126287e-05
4649,1.0
4650,0.075097024
4651,0.8276846
4652,0.5801783
4653,0.009406189
4654,1.0
4655,0.9747893
4656,0.15832832
4657,1.0
4658,7.85085e-06
4659,0.9974717
4660,1.0
4661,0.99979204
4662,1.0
4663,0.99844813
4664,4.3411422e-08
4665,1.0
4666,0.07657334
4667,0.9999999
4668,1.0
4669,0.050257068
4670,0.02598043
4671,1.0
4672,1.1850851e-16
4673,0.010840618
4674,0.99271315
4675,1.0
4676,1.0
4677,1.0
4678,1.0
4679,0.99989784
4680,0.26546296
4681,0.30202347
4682,0.99991846
4683,0.9999325
4684,2.056964e-06
4685,0.021455418
4686,0.99999976
4687,0.8531985
4688,0.99999523
4689,0.0002771959
4690,0.9996475
4691,1.0
4692,0.34565473
4693,1.0
4694,1.1190903e-05
4695,1.0
4696,0.99996424
4697,1.0
4698,0.99999714
4699,0.9961338
4700,1.0
4701,0.99999976
4702,1.0
4703,1.0
4704,1.0
4705,1.0
4706,0.999997
4707,1.0
4708,1.0
4709,1.0
4710,1.0
4711,8.232507e-06
4712,1.0
4713,1.0
4714,1.0
4715,0.99999464
4716,1.22128505e-11
4717,1.0
4718,0.8558923
4719,0.11286487
4720,0.42472258
4721,1.0
4722,1.0
4723,0.023426618
4724,0.33746344
4725,0.97174495
4726,0.9999963
4727,0.9998871
4728,0.9999515
4729,0.0019314921
4730,0.9999963
4731,0.0007283898
4732,3.4876053e-09
4733,0.111497544
4734,0.9999962
4735,2.8394762e-14
4736,0.013158817
4737,0.9987596
4738,0.9992829
4739,0.89945704
4740,1.0
4741,1.0
4742,0.9999865
4743,1.0
4744,0.94738424
4745,0.99985945
4746,0.99999154
4747,0.78171587
4748,1.0
4749,0.0005923511
4750,0.9996191
4751,0.93254274
4752,0.8006835
4753,1.0
4754,1.0
4755,0.9999993
4756,0.7203348
4757,1.0
4758,1.0
4759,0.020228593
4760,1.0
4761,0.9862346
4762,1.0
4763,0.9999974
4764,1.0
4765,5.0193194e-07
4766,0.9999999
4767,0.9999994
4768,0.9987973
4769,1.0
4770,0.0021739937
4771,0.024517205
4772,0.9999951
4773,1.0
4774,1.0
4775,0.07962699
4776,1.5009782e-10
4777,0.0054138536
4778,0.99992263
4779,0.9993325
4780,0.12132631
4781,2.4153076e-06
4782,0.98918205
4783,0.0002776434
4784,0.002538747
4785,1.0
4786,2.2187389e-05
4787,0.013895518
4788,3.441291e-06
4789,0.9999995
4790,1.0
4791,1.0
4792,0.99999845
4793,0.39788437
4794,0.13984556
4795,9.365519e-06
4796,1.0
4797,9.4693786e-07
4798,1.0
4799,0.99966514
4800,1.0671908e-10
4801,8.357422e-11
4802,0.99992037
4803,2.4127453e-06
4804,1.46553e-12
4805,0.9949858
4806,3.9113624e-07
4807,1.0
4808,0.99706703
4809,1.978463e-05
4810,1.0
4811,1.0
4812,0.9999999
4813,0.99820113
4814,0.99279046
4815,0.9999999
4816,0.9808059
4817,1.3635976e-09
4818,1.0
4819,0.00042751752
4820,4.0530527e-17
4821,0.9999927
4822,0.9999999
4823,0.141827
4824,1.0
4825,1.0
4826,1.0
4827,0.493626
4828,4.560268e-07
4829,0.0004924003
4830,4.3009044e-05
4831,0.9382288
4832,1.9230887e-07
4833,0.99980634
4834,0.9990125
4835,1.0
4836,1.0
4837,0.99999857
4838,0.9778537
4839,4.3787296e-12
4840,0.002191495
4841,1.0
4842,1.0
4843,0.99974626
4844,7.6131295e-07
4845,0.09987758
4846,2.1136739e-05
4847,0.9409958
4848,0.9389276
4849,5.0913277e-05
4850,0.99999475
4851,1.0
4852,0.000110499954
4853,1.0
4854,1.0
4855,6.512038e-05
4856,1.0
4857,1.0
4858,1.0
4859,1.0
4860,0.000202297
4861,1.0
4862,1.0
4863,1.0
4864,1.0
4865,1.0
4866,4.5377244e-09
4867,0.999964
4868,0.3206904
4869,0.0071142074
4870,4.521812e-08
4871,0.9999974
4872,0.99993455
4873,1.0
4874,0.9999989
4875,0.99508375
4876,9.667583e-10
4877,1.0
4878,0.09990969
4879,0.9765489
4880,4.6378904e-07
4881,0.9997855
4882,0.99999976
4883,1.0
4884,1.0
4885,0.99678695
4886,1.0
4887,6.9324547e-06
4888,1.0
4889,2.841013e-06
4890,0.9708472
4891,3.6660467e-08
4892,1.0
4893,0.99999845
4894,1.0
4895,1.0
4896,1.0
4897,0.7835233
4898,1.0
4899,0.9999981
4900,2.2327393e-17
4901,1.0
4902,1.0
4903,0.001759601
4904,0.26655263
4905,0.4915441
4906,0.8081564
4907,0.2536118
4908,0.7950872
4909,1.0
4910,0.0016763582
4911,1.0
4912,0.9992576
4913,1.0
4914,0.9999994
4915,1.0
4916,0.9999999
4917,0.9999976
4918,0.99949884
4919,0.038929448
4920,0.05065471
4921,4.171212e-09
4922,1.5220451e-16
4923,0.09440283
4924,0.9805517
4925,1.0
4926,0.24480553
4927,1.0
4928,1.0
4929,2.0529998e-05
4930,0.99999714
4931,0.99999094
4932,0.999574
4933,0.12466614
4934,0.99999976
4935,1.0
4936,1.0
4937,1.0
4938,0.99904054
4939,0.00010347936
4940,0.99977285
4941,1.0
4942,0.9999082
4943,0.00013335387
4944,1.0
4945,1.0
4946,1.0
4947,0.23945457
4948,5.486179e-07
4949,1.0
4950,0.99999917
4951,3.6354723e-07
4952,0.9999945
4953,0.9315646
4954,2.1163925e-07
4955,0.9834585
4956,0.999987
4957,0.99999976
4958,0.024185352
4959,1.0
4960,1.0
4961,0.0062369257
4962,0.08368839
4963,0.9999981
4964,0.9999988
4965,1.0
4966,8.542563e-16
4967,0.9999987
4968,0.9997516
4969,2.8597764e-05
4970,1.3425633e-05
4971,4.5290537e-07
4972,0.9906679
4973,0.535366
4974,0.016405795
4975,0.9999963
4976,0.9999093
4977,3.4543923e-08
4978,1.0
4979,1.0
4980,0.2957066
4981,0.08558728
4982,4.802759e-16
4983,0.0043811384
4984,0.0033592274
4985,1.0
4986,1.0
4987,5.414977e-07
4988,1.0
4989,1.0
4990,0.99197114
4991,0.9996942
4992,0.99999976
4993,0.929679
4994,0.5538132
4995,0.9846994
4996,1.0
4997,1.0
4998,1.0
4999,0.999597
5000,0.90279996
5001,3.1009286e-09
5002,0.0022660787
5003,0.99999666
5004,0.9997807
5005,0.99996233
5006,0.98918205
5007,2.5732581e-27
5008,0.56034076
5009,0.7207577
5010,0.9999999
5011,0.039689787
5012,0.47573113
5013,1.0
5014,2.8755503e-05
5015,0.9999218
5016,0.9999993
5017,0.02156356
5018,0.99679583
5019,1.0
5020,0.99821645
5021,1.31321285e-05
5022,0.0013555165
5023,0.8674061
5024,1.0
5025,1.0
5026,0.012483532
5027,1.0
5028,0.9998166
5029,0.8112514
5030,0.9920105
5031,0.00030412985
5032,1.0
5033,0.9994765
5034,0.99060297
5035,3.5037069e-09
5036,0.19771631
5037,0.30831024
5038,1.0
5039,0.9999999
5040,0.99991894
5041,0.9129586
5042,3.0072422e-05
5043,0.0003504192
5044,6.723443e-05
5045,2.2020876e-07
5046,0.9998173
5047,0.00018620251
5048,3.3743134e-12
5049,0.31196856
5050,0.9997662
5051,0.006076848
5052,1.0
5053,0.00403365
5054,0.9999999
5055,3.403809e-08
5056,2.398138e-12
5057,0.9240737
5058,0.9999515
5059,0.9999999
5060,0.008546593
5061,1.0
5062,0.9361238
5063,0.7807746
5064,0.99999285
5065,1.0
5066,1.0
5067,0.000102304824
5068,1.0
5069,0.70501053
5070,0.9990396
5071,1.0
5072,0.9118689
5073,1.0
5074,3.0663865e-05
5075,0.16026436
5076,0.07547172
5077,1.0
5078,0.93052775
5079,1.0
5080,1.0
5081,0.38851652
5082,0.99999976
5083,0.13377307
5084,0.3738015
5085,1.0
5086,0.99999976
5087,0.99640864
5088,0.147251
5089,1.0
5090,0.24030021
5091,1.0
5092,0.99999714
5093,0.9994505
5094,1.0
5095,4.064606e-05
5096,1.0
5097,1.0
5098,0.8784171
5099,1.0
5100,0.01315179
5101,1.0
5102,0.9989446
5103,0.99999964
5104,9.072272e-08
5105,1.0
5106,0.7642623
5107,0.99999964
5108,0.72213066
5109,0.99688256
5110,1.0
5111,1.0
5112,1.0
5113,0.9971712
5114,0.99999344
5115,0.99990606
5116,1.0
5117,1.0
5118,4.3268084e-08
5119,4.6964167e-05
5120,0.9999132
5121,1.0
5122,0.00056970556
5123,3.1095032e-10
5124,4.4629383e-12
5125,0.0010422083
5126,0.99930286
5127,0.99999297
5128,0.0063238502
5129,0.26831374
5130,0.00033399445
5131,1.0
5132,1.0
5133,1.0
5134,0.99979943
5135,0.002302074
5136,0.9987031
5137,1.0
5138,0.016198821
5139,1.0
5140,7.408161e-05
5141,2.333975e-14
5142,1.0
5143,0.96649694
5144,3.7148764e-19
5145,1.0
5146,0.9999713
5147,0.030509217
5148,0.98197377
5149,1.0
5150,0.99999833
5151,4.616709e-06
5152,0.9999728
5153,0.0026128178
5154,1.0
5155,1.0
5156,0.9999999
5157,1.0
5158,1.0
5159,0.9540017
5160,1.0
5161,0.9961307
5162,1.0
5163,0.99956983
5164,5.0163925e-11
5165,1.5042347e-13
5166,1.0
5167,0.53458405
5168,0.0007163771
5169,8.508579e-06
5170,0.210792
5171,0.9699102
5172,0.00076500425
5173,1.0
5174,0.99999976
5175,0.9691251
5176,1.0
5177,1.3599184e-07
5178,1.0
5179,0.18829674
5180,1.0
5181,0.98422295
5182,3.2351828e-08
5183,1.0
5184,0.09765623
5185,0.9998098
5186,1.2272811e-12
5187,0.09099705
5188,0.999571
5189,0.9999783
5190,0.9999932
5191,0.9999988
5192,1.0
5193,1.0
5194,1.0
5195,1.0
5196,0.99342316
5197,0.013417602
5198,1.0
5199,1.0
5200,0.0068253707
5201,3.5255705e-06
5202,0.008026362
5203,7.5315836e-07
5204,1.1832798e-05
5205,0.23328511
5206,1.0
5207,1.0
5208,1.8834873e-23
5209,1.0
5210,0.08021931
5211,1.0
5212,0.9999999
5213,7.2121593e-06
5214,0.9999999
5215,6.8144936e-06
5216,0.97009337
5217,0.45251328
5218,5.696194e-10
5219,0.96858525
5220,4.983954e-16
5221,1.0
5222,1.0
5223,0.0048216977
5224,0.99999964
5225,0.6276836
5226,0.99999213
5227,0.00020066467
5228,0.99999785
5229,1.0
5230,0.12631807
5231,1.0
5232,1.0
5233,0.9946673
5234,1.0
5235,0.56134635
5236,1.0
5237,0.9957653
5238,1.0
5239,1.0
5240,9.1686843e-07
5241,0.9999273
5242,0.4860876
5243,0.00010299088
5244,0.9364275
5245,1.0
5246,2.5485744e-10
5247,1.0
5248,0.9996896
5249,1.3856028e-08
5250,0.9999974
5251,0.9961552
5252,1.0
5253,0.17608614
5254,0.9999999
5255,1.0
5256,0.7164918
5257,0.9990584
5258,0.00079914636
5259,1.3104731e-05
5260,1.0
5261,0.991028
5262,1.0
5263,1.0
5264,0.9715029
5265,0.9892825
5266,0.9991885
5267,1.4584808e-08
5268,0.9985733
5269,3.167476e-05
5270,1.0
5271,0.0010389161
5272,0.00047134643
5273,1.0
5274,0.9999951
5275,0.0073006516
5276,0.00012204568
5277,1.4904701e-19
5278,2.5681416e-14
5279,1.0
5280,0.9997582
5281,0.9999957
5282,1.0
5283,1.0
5284,1.0
5285,0.008233924
5286,0.99999297
5287,1.0
5288,0.9999522
5289,1.0
5290,1.0
5291,1.0
5292,1.0
5293,1.0
5294,1.0
5295,1.0
5296,0.9962171
5297,0.0006692596
5298,0.99999976
5299,0.90372044
5300,1.0
5301,0.9990369
5302,5.748841e-07
5303,5.1626817e-16
5304,7.048759e-05
5305,2.6705147e-06
5306,0.85686576
5307,0.53867215
5308,1.0
5309,1.0
5310,1.0
5311,1.1737045e-09
5312,0.00041881343
5313,1.0
5314,0.99999774
5315,1.0
5316,1.0
5317,0.9957967
5318,0.9975661
5319,0.00033226958
5320,0.9999999
5321,0.9870133
5322,0.0010777315
5323,1.0
5324,0.99755067
5325,0.99586475
5326,1.0
5327,0.9999987
5328,1.0
5329,3.4506132e-07
5330,0.99954057
5331,0.0016245423
5332,0.12497253
5333,0.013808637
5334,1.3671547e-05
5335,0.9996309
5336,0.9999974
5337,1.0
5338,6.271499e-08
5339,0.99978465
5340,0.9999807
5341,0.9999871
5342,0.00021050537
5343,0.00012976625
5344,0.07752311
5345,8.1720866e-13
5346,1.0
5347,0.9999907
5348,0.9817234
5349,0.99895895
5350,0.9996766
5351,0.9999982
5352,0.9926213
5353,0.9999989
5354,1.0
5355,1.0
5356,0.99659216
5357,1.0
5358,0.65305775
5359,9.62732e-05
5360,0.99999964
5361,0.0015621516
5362,0.9587584
5363,1.0
5364,1.0
5365,0.9990828
5366,0.15192752
5367,1.0
5368,1.0
5369,3.6146957e-11
5370,0.99998784
5371,0.76717025
5372,1.0
5373,5.0372914e-06
5374,0.15810479
5375,1.0
5376,0.5716111
5377,1.0
5378,0.9999422
5379,0.99999976
5380,4.6960316e-09
5381,1.0
5382,0.9999814
5383,1.0
5384,3.4661404e-08
5385,4.1468744e-09
5386,1.0
5387,7.000555e-05
5388,0.9999987
5389,0.9999305
5390,0.9998072
5391,0.9995672
5392,0.9999819
5393,1.0
5394,1.0
5395,0.9531701
5396,0.31864724
5397,0.9995801
5398,0.9999244
5399,7.7121554e-10
5400,5.9368404e-07
5401,0.99999976
5402,0.99999833
5403,0.99999976
5404,5.7109264e-09
5405,1.0
5406,1.7201393e-09
5407,0.00053048553
5408,9.524302e-05
5409,1.0
5410,0.67766505
5411,0.99999964
5412,0.99997616
5413,0.9526511
5414,1.0
5415,0.99999976
5416,1.0
5417,1.2692497e-08
5418,1.0
5419,0.8478885
5420,0.9999335
5421,5.8907185e-06
5422,1.1762475e-06
5423,1.0
5424,9.451234e-11
5425,1.0
5426,0.74667096
5427,0.9566493
5428,0.3761408
5429,0.9999534
5430,3.037292e-10
5431,0.9999567
5432,1.0
5433,0.96343726
5434,0.9999591
5435,2.8908338e-25
5436,1.0
5437,0.9990939
5438,6.3704942e-06
5439,0.99999976
5440,1.0
5441,4.442369e-08
5442,4.8043116e-14
5443,0.8420269
5444,0.9999083
5445,0.012224233
5446,0.48201835
5447,1.0
5448,0.9993511
5449,6.31368e-07
5450,1.0
5451,0.9696223
5452,0.99999845
5453,5.4023675e-13
5454,0.9928731
5455,1.0
5456,1.0
5457,0.91997904
5458,0.0011137277
5459,1.0
5460,1.0
5461,1.0
5462,0.99999964
5463,0.9999863
5464,1.0
5465,1.0
5466,1.0
5467,1.0
5468,1.0
5469,0.9999989
5470,0.99999976
5471,1.0
5472,2.0319943e-07
5473,0.99999964
5474,1.0
5475,1.0
5476,0.0034421727
5477,6.997582e-06
5478,0.00040232184
5479,3.9907746e-07
5480,0.005607255
5481,0.98854524
5482,1.0
5483,0.9878248
5484,1.0
5485,0.99995685
5486,0.99999166
5487,0.989384
5488,0.97609735
5489,1.6868485e-14
5490,0.42285836
5491,0.9999999
5492,0.023260692
5493,1.0
5494,0.99999964
5495,0.00013801659
5496,0.011739498
5497,1.0
5498,9.225507e-10
5499,0.34258357
5500,0.99999833
5501,0.99999976
5502,1.0
5503,0.95139515
5504,0.99944955
5505,0.58054316
5506,0.9996402
5507,0.9995049
5508,0.9999994
5509,0.99999833
5510,1.0
5511,0.013531933
5512,0.00498589
5513,1.0
5514,0.99999845
5515,0.00010490529
5516,6.172211e-11
5517,1.0
5518,1.9229613e-14
5519,2.9075318e-05
5520,2.0111293e-05
5521,1.0
5522,0.018944774
5523,1.0
5524,1.0
5525,0.00059296
5526,0.49283943
5527,0.41460878
5528,0.9939448
5529,3.5485555e-05
5530,0.9995109
5531,1.0
5532,0.25849137
5533,1.0
5534,0.9996983
5535,0.99999607
5536,1.0
5537,0.9928042
5538,0.9984498
5539,0.99999726
5540,0.96898735
5541,0.00093069376
5542,1.0
5543,2.6007083e-05
5544,1.0
5545,6.047416e-05
5546,1.0
5547,7.4060913e-10
5548,0.97268045
5549,0.0007018319
5550,0.9999385
5551,0.8676625
5552,1.0
5553,0.999949
5554,0.036908794
5555,3.1519424e-13
5556,0.99984396
5557,1.0
5558,0.9997434
5559,3.1088638e-13
5560,0.99971586
5561,0.9979997
5562,1.0
5563,0.106798254
5564,0.6763464
5565,1.0
5566,0.98896015
5567,0.9999902
5568,1.0
5569,0.7724117
5570,1.0
5571,1.0
5572,1.0
5573,0.9999964
5574,0.579998
5575,0.9999784
5576,1.0
5577,0.974946
5578,0.054827206
5579,1.0
5580,0.11252744
5581,1.0
5582,1.0
5583,0.9999988
5584,1.7963451e-08
5585,2.9464944e-11
5586,0.9344302
5587,0.00022395425
5588,0.9999676
5589,4.249583e-08
5590,0.99999595
5591,0.91909564
5592,1.6013213e-11
5593,0.99996865
5594,0.99996054
5595,0.9996685
5596,0.00015942824
5597,4.4146655e-11
5598,0.0016483698
5599,0.9999999
5600,0.9973659
5601,0.99942386
5602,1.0
5603,0.9999565
5604,1.0
5605,1.0714085e-10
5606,1.0
5607,1.0
5608,0.99995613
5609,0.9999957
5610,1.0
5611,1.0
5612,1.0
5613,0.9779815
5614,0.26554814
5615,0.99999917
5616,0.09312234
5617,1.0
5618,4.91013e-16
5619,0.99994767
5620,0.5428536
5621,0.34793383
5622,0.9920002
5623,0.97591114
5624,1.0
5625,1.0
5626,1.0
5627,5.927371e-07
5628,0.9989543
5629,1.0
5630,1.0
5631,1.0
5632,0.9997491
5633,1.0
5634,1.0
5635,0.99995565
5636,0.9999672
5637,1.0
5638,0.99999964
5639,0.009272708
5640,0.090543784
5641,0.99999774
5642,0.99999416
5643,0.00096627907
5644,0.9998976
5645,0.9381856
5646,1.0
5647,1.0
5648,0.00035028261
5649,1.0
5650,6.1406884e-09
5651,3.5604369e-06
5652,1.0
5653,0.002273013
5654,0.9920751
5655,0.9999516
5656,0.98802036
5657,0.99994576
5658,1.0
5659,0.9826948
5660,0.03996127
5661,2.0023383e-10
5662,0.999997
5663,0.99999917
5664,0.76933354
5665,1.0
5666,2.5543311e-05
5667,1.0
5668,1.0
5669,0.99991083
5670,0.23253778
5671,0.99484223
5672,2.4524488e-07
5673,0.0042299605
5674,1.0
5675,0.9490636
5676,0.00013188068
5677,1.0
5678,5.068014e-06
5679,0.9954163
5680,5.9444177e-05
5681,0.93502736
5682,6.488553e-07
5683,6.8058034e-06
5684,0.2864682
5685,0.000115069575
5686,8.216071e-08
5687,1.0
5688,1.0
5689,0.08621718
5690,1.0
5691,0.37747252
5692,1.0
5693,1.0
5694,0.99998987
5695,0.22550955
5696,0.9999864
5697,0.97856873
5698,0.5621871
5699,0.999998
5700,0.9999982
5701,0.9980236
5702,0.9999887
5703,0.9445018
5704,0.0018390854
5705,0.9999999
5706,1.0
5707,8.3238775e-17
5708,4.9709536e-07
5709,0.9999999
5710,2.1961985e-07
5711,0.10241722
5712,0.0026792013
5713,1.0
5714,0.061917853
5715,1.0
5716,0.96348464
5717,1.0
5718,0.86583835
5719,0.99999964
5720,3.1110837e-06
5721,0.025306778
5722,0.99999964
5723,1.0
5724,1.0
5725,0.99997747
5726,0.99958175
5727,1.0
5728,0.999856
5729,0.9980292
5730,1.0
5731,1.0
5732,3.7113873e-10
5733,1.7999315e-13
5734,0.20224507
5735,0.9896834
5736,1.0
5737,0.999493
5738,0.9999956
5739,8.183092e-06
5740,0.9999999
5741,8.582242e-06
5742,0.00202945
5743,2.3048962e-18
5744,2.071369e-09
5745,0.094809145
5746,1.0
5747,0.9736285
5748,0.7891825
5749,0.9999956
5750,1.0
5751,0.011817219
5752,1.0
5753,2.7752084e-10
5754,1.0
5755,0.9999989
5756,1.0
5757,0.9834567
5758,1.0
5759,1.0
5760,3.102376e-14
5761,6.0837407e-05
5762,1.0
5763,0.99996877
5764,0.99433124
5765,1.0
5766,1.0
5767,0.9828949
5768,0.9974361
5769,1.0
5770,7.547936e-12
5771,0.087587774
5772,3.5533873e-07
5773,0.99995077
5774,1.0
5775,1.0
5776,1.0
5777,0.0042570117
5778,0.99999976
5779,1.0606146e-09
5780,0.98418576
5781,0.25477105
5782,0.99998724
5783,1.0
5784,0.0034193583
5785,0.9999379
5786,0.99999774
5787,0.90896046
5788,0.009708862
5789,1.0
5790,1.0
5791,1.0
5792,1.0
5793,1.0
5794,0.9999541
5795,0.63320416
5796,1.0
5797,0.99985814
5798,0.99169016
5799,6.715349e-23
5800,5.817899e-10
5801,1.0
5802,2.3785922e-06
5803,1.0
5804,1.0
5805,0.99999976
5806,1.0
5807,1.0
5808,0.99675936
5809,0.9996923
5810,1.0
5811,1.0
5812,0.72303
5813,1.0
5814,0.97760016
5815,0.99998796
5816,1.0
5817,0.91671824
5818,1.0
5819,1.0
5820,1.0
5821,0.008035479
5822,0.9999999
5823,0.9687899
5824,0.9999999
5825,1.0
5826,1.0
5827,1.0
5828,0.71940285
5829,0.99987507
5830,0.999998
5831,0.99999964
5832,1.0
5833,0.99999833
5834,0.9871743
5835,0.98652065
5836,1.0
5837,8.364567e-11
5838,0.9999999
5839,0.86101526
5840,6.0969174e-11
5841,0.21963681
5842,1.0
5843,0.012924912
5844,0.0014800753
5845,1.0
5846,0.999992
5847,0.014704193
5848,3.8991683e-08
5849,0.10274197
5850,1.0
5851,0.9997955
5852,1.0
5853,1.7989745e-05
5854,0.9998462
5855,0.56732714
5856,0.99999976
5857,1.0
5858,7.578288e-08
5859,0.21457872
5860,2.2736002e-09
5861,0.9985057
5862,1.0
5863,1.0
5864,2.801488e-09
5865,1.0
5866,1.0
5867,0.9976375
5868,1.0
5869,0.9572968
5870,0.99923074
5871,0.9990839
5872,0.9999807
5873,1.0
5874,0.9999895
5875,0.9997402
5876,1.0
5877,1.0
5878,1.0
5879,0.97579306
5880,0.12238291
5881,0.1828029
5882,1.0
5883,4.8125217e-05
5884,6.895372e-07
5885,1.0
5886,0.9904146
5887,5.5971236e-06
5888,9.0007205e-05
5889,0.9999999
5890,0.9999999
5891,1.0
5892,1.0
5893,1.0
5894,0.9999999
5895,1.0
5896,0.99975926
5897,0.9997336
5898,1.0
5899,0.99993026
5900,1.0
5901,7.68153e-07
5902,0.9954922
5903,0.99237776
5904,0.000501574
5905,7.1966075e-05
5906,1.0
5907,1.0
5908,3.88774e-07
5909,0.9998504
5910,0.050523225
5911,1.0
5912,0.9999857
5913,1.0
5914,0.99558794
5915,5.5427257e-11
5916,0.94152135
5917,1.0133332e-14
5918,1.0
5919,0.3269275
5920,4.115707e-06
5921,0.6147543
5922,0.99906343
5923,9.321257e-05
5924,0.38627672
5925,0.0004410622
5926,0.94632107
5927,0.017207067
5928,1.0
5929,1.0
5930,1.0
5931,0.08328296
5932,1.0
5933,0.9992415
5934,1.0
5935,0.5604096
5936,0.82908225
5937,1.0
5938,1.0
5939,1.0
5940,2.047039e-05
5941,0.99999714
5942,1.0
5943,0.9999999
5944,1.0
5945,0.027818052
5946,0.9927856
5947,0.99626994
5948,0.99997675
5949,0.016304145
5950,0.9999927
5951,0.98500764
5952,0.9997981
5953,0.990445
5954,0.1293147
5955,0.9998946
5956,2.2920774e-06
5957,1.0
5958,0.5732156
5959,1.0
5960,0.99999726
5961,0.035238102
5962,1.0
5963,0.96763736
5964,1.0
5965,2.4448714e-09
5966,1.0
5967,0.11736718
5968,0.98942167
5969,0.00046058066
5970,0.9989955
5971,5.7302397e-05
5972,0.9858538
5973,0.999153
5974,0.9470794
5975,0.99240124
5976,0.7745501
5977,1.0
5978,0.99019706
5979,1.0
5980,0.99796885
5981,3.5035993e-07
5982,1.0
5983,0.9999989
5984,1.0
5985,0.9999994
5986,1.0
5987,0.99999094
5988,0.00017854042
5989,0.36345744
5990,1.7487558e-06
5991,0.9195177
5992,0.070408955
5993,0.002137554
5994,0.99999976
5995,0.9634438
5996,0.9999987
5997,1.0
5998,1.0
5999,0.040758602
6000,0.13210464
6001,1.0
6002,0.9185367
6003,1.0
6004,1.0
6005,8.107403e-05
6006,0.992485
6007,1.0
6008,0.96555495
6009,1.0
6010,1.0
6011,8.2940215e-09
6012,0.99294394
6013,0.32834393
6014,0.0034308035
6015,3.1742713e-09
6016,2.107408e-11
6017,0.0008349399
6018,8.2310567e-07
6019,1.0
6020,9.3607e-07
6021,1.1386098e-06
6022,0.99999976
6023,0.9954288
6024,0.99999845
6025,0.8681048
6026,1.0
6027,0.9999454
6028,0.042969942
6029,0.9984939
6030,1.0
6031,1.9560866e-06
6032,0.9999999
6033,0.071319744
6034,0.9999931
6035,0.98714995
6036,0.99994063
6037,1.0
6038,1.5860826e-08
6039,0.052157924
6040,1.0
6041,1.0
6042,1.0
6043,1.0
6044,0.99668956
6045,1.0
6046,0.019406604
6047,0.94358784
6048,0.016898096
6049,0.9999994
6050,1.0
6051,0.9999988
6052,1.0
6053,0.9968353
6054,1.6802572e-09
6055,0.9999727
6056,0.0001627572
6057,0.7719711
6058,3.2985046e-09
6059,0.999995
6060,0.36219418
6061,0.9787122
6062,5.0171837e-16
6063,0.99983275
6064,0.9914349
6065,1.0
6066,0.9999323
6067,0.8352648
6068,4.7258834e-07
6069,1.0
6070,0.010652376
6071,1.0
6072,0.6169223
6073,0.9999894
6074,1.0
6075,0.489187
6076,0.9996427
6077,1.0
6078,0.9993856
6079,4.6613987e-35
6080,1.0
6081,1.0
6082,0.9999696
6083,1.0
6084,0.99999964
6085,1.0051197e-10
6086,1.0
6087,0.9999409
6088,0.9317783
6089,2.8029296e-10
6090,1.0
6091,0.98092777
6092,2.8036388e-07
6093,1.0
6094,3.7518394e-08
6095,0.17109825
6096,1.0
6097,0.99988246
6098,1.0
6099,0.6288887
6100,0.39537272
6101,2.5907571e-05
6102,1.0
6103,0.9544734
6104,1.0
6105,0.1037332
6106,2.9494386e-05
6107,1.2134416e-07
6108,0.9999416
6109,0.99679476
6110,0.7602101
6111,6.7202096e-14
6112,1.0
6113,1.6294372e-05
6114,0.4370068
6115,0.9999753
6116,1.1570942e-08
6117,0.9998449
6118,0.9999981
6119,1.8330894e-06
6120,1.3490536e-09
6121,2.8231873e-06
6122,0.9998983
6123,0.9982158
6124,2.742475e-09
6125,1.0
6126,7.867164e-09
6127,1.0
6128,0.00068666565
6129,1.0
6130,7.2590396e-06
6131,0.96904546
6132,0.9999987
6133,1.0
6134,1.0
6135,0.9996351
6136,3.3203565e-07
6137,1.0
6138,0.9999999
6139,0.75633454
6140,0.99994767
6141,4.083667e-05
6142,0.9985783
6143,0.99997413
6144,1.0
6145,1.0
6146,0.9999999
6147,0.9999988
6148,0.9999995
6149,1.0
6150,1.09342785e-07
6151,1.0
6152,1.0
6153,0.11717861
6154,1.0
6155,0.11999007
6156,0.00032277484
6157,0.9983308
6158,0.30895057
6159,4.775664e-09
6160,0.00033341892
6161,1.0
6162,0.045295037
6163,0.4161238
6164,1.0
6165,0.99930704
6166,1.0
6167,0.60997057
6168,1.0
6169,1.0
6170,0.9878561
6171,0.99999976
6172,5.967536e-17
6173,0.45989808
6174,1.0
6175,1.0
6176,0.9996087
6177,0.99069816
6178,1.0
6179,1.032506e-06
6180,0.9891782
6181,9.567189e-14
6182,9.1878906e-07
6183,1.0
6184,0.99896085
6185,1.0
6186,8.680942e-09
6187,0.970989
6188,0.9999999
6189,0.99968064
6190,0.99999905
6191,0.99999976
6192,0.1693981
6193,0.9986532
6194,0.9998503
6195,1.0
6196,0.99492586
6197,0.77484506
6198,0.9999858
6199,0.9595165
6200,0.009767794
6201,0.14224598
6202,1.0
6203,2.1001993e-09
6204,4.7560985e-05
6205,0.9999993
6206,1.0
6207,0.99990594
6208,1.0
6209,1.0
6210,1.0
6211,1.0
6212,0.009997819
6213,1.0
6214,0.019336175
6215,0.99999976
6216,1.0
6217,0.9999994
6218,0.37299433
6219,0.9999994
6220,0.9993837
6221,0.597457
6222,3.523544e-09
6223,0.9325677
6224,8.0966955e-10
6225,2.4863908e-21
6226,1.0
6227,0.9999813
6228,1.0
6229,1.0
6230,0.00087587116
6231,1.0
6232,0.9989785
6233,2.6006986e-05
6234,4.3442463e-09
6235,2.5912413e-15
6236,1.3684209e-08
6237,1.0
6238,0.999949
6239,2.0315477e-14
6240,0.0073676384
6241,3.3109012e-05
6242,1.0
6243,0.9978496
6244,0.55248123
6245,0.9155804
6246,0.88941073
6247,0.016364656
6248,1.0
6249,0.9846666
6250,2.288915e-10
6251,0.20335566
6252,1.0
6253,0.9999547
6254,0.93159926
6255,0.9998148
6256,0.99999964
6257,0.99999595
6258,6.5528187e-13
6259,3.5704268e-09
6260,0.026048029
6261,0.017287867
6262,4.7148314e-14
6263,0.9992472
6264,0.9995598
6265,1.2479949e-06
6266,0.9999995
6267,1.0
6268,0.20380223
6269,0.9999994
6270,1.0
6271,1.0
6272,8.480904e-08
6273,1.0
6274,0.10974234
6275,1.7022468e-06
6276,0.99999774
6277,0.92599714
6278,0.5139077
6279,0.0007127414
6280,0.99974567
6281,1.0
6282,0.0010409034
6283,1.0
6284,0.0008394727
6285,4.8196243e-09
6286,1.0
6287,1.0
6288,0.013224999
6289,1.0
6290,1.0
6291,0.0041606077
6292,1.0
6293,4.3093548e-16
6294,2.0004083e-12
6295,0.00039630744
6296,1.0
6297,6.695753e-16
6298,0.9998902
6299,1.0
6300,0.99999964
6301,0.9999974
6302,0.9999989
6303,0.46352145
6304,0.9983006
6305,1.7346976e-18
6306,1.6307989e-13
6307,0.9758533
6308,0.9999995
6309,1.0
6310,7.1967547e-09
6311,1.0
6312,1.0
6313,1.0
6314,0.29835504
6315,0.9994444
6316,0.99999976
6317,0.9899692
6318,1.658106e-08
6319,1.0
6320,0.14313295
6321,1.0
6322,1.0
6323,0.0033118117
6324,1.5938642e-08
6325,0.00020499712
6326,1.0
6327,0.000109105305
6328,0.08135083
6329,1.0
6330,1.1888571e-08
6331,0.0039148233
6332,0.9999993
6333,1.0
6334,0.35196793
6335,1.0
6336,0.997198
6337,0.7432441
6338,1.0
6339,0.97926986
6340,1.0
6341,1.0
6342,0.9999833
6343,1.0
6344,1.0
6345,0.45079017
6346,0.99952257
6347,0.9998348
6348,0.98889345
6349,0.2108874
6350,0.9957718
6351,1.0
6352,1.0
6353,1.0
6354,1.0
6355,0.9826345
6356,1.0
6357,0.99999964
6358,0.6861807
6359,1.0
6360,0.999984
6361,1.0
6362,0.9999999
6363,1.0
6364,0.0012710582
6365,0.00029064453
6366,4.4405373e-09
6367,0.9950118
6368,1.0
6369,0.019408638
6370,1.0
6371,0.99999976
6372,1.0
6373,0.000629602
6374,0.99989176
6375,0.0005111088
6376,0.38763294
6377,1.0
6378,1.0
6379,0.9411468
6380,1.0
6381,0.26454118
6382,1.0
6383,5.5395067e-06
6384,1.0
6385,8.374915e-14
6386,0.0005631751
6387,1.0
6388,3.1323356e-07
6389,1.0
6390,0.4985088
6391,0.9970444
6392,0.8812597
6393,0.9999999
6394,1.0
6395,0.0003464263
6396,0.9999999
6397,1.0
6398,0.9923753
6399,2.6668292e-06
6400,0.99981815
6401,0.52094567
6402,1.0
6403,1.0
6404,0.12906724
6405,1.0
6406,5.272353e-06
6407,0.99026453
6408,0.9997073
6409,1.0
6410,1.0
6411,0.9999999
6412,0.9999994
6413,0.9985392
6414,1.0
6415,8.754383e-17
6416,1.0
6417,0.0001463901
6418,0.9999925
6419,1.0
6420,0.9999993
6421,1.0
6422,1.0
6423,1.0
6424,0.583773
6425,0.83434033
6426,1.1588196e-07
6427,1.0
6428,1.0
6429,1.0
6430,1.0
6431,9.665744e-13
6432,0.9993993
6433,0.9999999
6434,0.025812138
6435,1.0
6436,3.7025538e-06
6437,0.124126926
6438,1.0
6439,2.7561875e-13
6440,1.0
6441,1.0
6442,0.083213165
6443,0.20144553
6444,0.009241151
6445,8.3812015e-16
6446,1.0
6447,0.99999845
6448,0.55918473
6449,0.013508364
6450,1.0
6451,0.9349387
6452,0.0031835048
6453,0.0025162846
6454,1.0
6455,1.0
6456,1.0
6457,1.0
6458,0.99937856
6459,0.0018460442
6460,0.99999666
6461,0.9999974
6462,0.9999888
6463,1.0
6464,0.9999982
6465,1.0
6466,0.004534366
6467,1.0
6468,0.081560895
6469,0.9998447
6470,1.0
6471,5.9570153e-05
6472,0.99994886
6473,0.21494009
6474,0.9718713
6475,1.0
6476,0.9987062
6477,0.999984
6478,0.99953914
6479,1.0
6480,0.9992968
6481,0.089717895
6482,1.0
6483,8.9793564e-13
6484,0.99993813
6485,1.0
6486,0.9999887
6487,0.99999976
6488,0.99980134
6489,0.00022686462
6490,0.7449297
6491,1.0
6492,0.9999994
6493,0.07357657
6494,1.0
6495,1.0
6496,1.0
6497,1.0
6498,1.0
6499,1.0
6500,0.9999505
6501,2.2470447e-05
6502,0.1465955
6503,0.99924374
6504,0.0057899742
6505,0.99998057
6506,1.0
6507,0.927442
6508,4.7477788e-05
6509,0.088411614
6510,0.99999535
6511,0.7290689
6512,1.0
6513,1.0
6514,1.0
6515,0.2694874
6516,1.9681616e-05
6517,0.62669486
6518,0.9442917
6519,1.0
6520,1.0
6521,1.0
6522,0.9995448
6523,1.0
6524,0.99999344
6525,0.9999038
6526,0.019356022
6527,0.999997
6528,0.6246004
6529,3.6303746e-10
6530,0.3073891
6531,0.9978623
6532,1.0
6533,1.7827652e-10
6534,5.9097127e-09
6535,1.0
6536,1.0
6537,0.00013506177
6538,1.0
6539,0.99999976
6540,0.93442655
6541,3.9615493e-06
6542,1.0
6543,0.99017185
6544,1.0
6545,1.0
6546,0.50673443
6547,1.2842699e-08
6548,0.001524308
6549,1.0
6550,0.9999927
6551,0.9999943
6552,0.08512005
6553,1.0
6554,0.026941204
6555,1.0
6556,0.99997807
6557,1.0
6558,0.9999999
6559,0.054831207
6560,3.2964922e-06
6561,0.9999958
6562,1.0
6563,1.0
6564,0.00047667942
6565,0.9999976
6566,1.0
6567,0.73813635
6568,1.0
6569,0.0025547736
6570,1.0
6571,0.098838486
6572,1.0
6573,5.194844e-08
6574,1.0
6575,1.0
6576,0.9999999
6577,1.0
6578,0.9996092
6579,0.9999999
6580,0.9971335
6581,0.008094698
6582,0.9999999
6583,1.0
6584,1.0
6585,1.0
6586,0.58248687
6587,0.99999475
6588,1.0
6589,0.99847394
6590,1.0
6591,0.99999976
6592,1.2222388e-10
6593,0.99999905
6594,0.9999895
6595,0.9999989
6596,0.05144573
6597,0.9999999
6598,1.0
6599,1.0
6600,1.0
6601,1.0
6602,0.9868378
6603,1.6969726e-07
6604,5.284264e-16
6605,0.99936336
6606,1.0
6607,1.6850915e-08
6608,2.3930716e-07
6609,1.0
6610,1.0
6611,0.0073752594
6612,0.00019847204
6613,2.4885126e-06
6614,1.0
6615,1.0
6616,0.1761428
6617,1.0
6618,0.9999608
6619,0.9999994
6620,1.8602789e-06
6621,1.0
6622,1.0
6623,1.0
6624,0.99991965
6625,0.9999814
6626,1.0
6627,1.0
6628,1.0
6629,1.7289133e-07
6630,0.1846104
6631,1.0
6632,9.566451e-12
6633,0.0005016238
6634,0.00012290946
6635,0.04202671
6636,3.0407052e-18
6637,5.4224125e-14
6638,0.9999969
6639,6.206115e-05
6640,1.0
6641,0.99790704
6642,0.038892105
6643,1.0
6644,1.0
6645,0.99999774
6646,1.0
6647,1.0
6648,1.0
6649,0.99998164
6650,0.9999987
6651,0.999905
6652,0.99999976
6653,0.5100774
6654,0.9999887
6655,0.0009948204
6656,6.297844e-05
6657,0.0002988122
6658,1.0
6659,0.80474186
6660,0.99825686
6661,1.0
6662,0.22482651
6663,0.9999989
6664,0.99999475
6665,0.56798345
6666,0.99999964
6667,0.00040126216
6668,1.0
6669,0.51678765
6670,1.0
6671,0.03138611
6672,0.99999964
6673,0.9989404
6674,8.1778984e-05
6675,1.0
6676,1.0
6677,0.99999654
6678,0.5258292
6679,1.8049327e-10
6680,0.9997131
6681,0.99999
6682,1.0
6683,0.0033479168
6684,1.0
6685,0.99794585
6686,2.5443418e-08
6687,5.300985e-06
6688,0.99981385
6689,1.0
6690,8.69329e-12
6691,1.0
6692,0.99999726
6693,0.0019266008
6694,1.0
6695,5.5121593e-05
6696,1.0
6697,0.5616781
6698,0.99986386
6699,1.0
6700,1.0
6701,0.9999676
6702,0.9985958
6703,1.0
6704,0.0010624303
6705,1.0
6706,0.99622595
6707,8.039998e-05
6708,0.4526645
6709,1.0
6710,0.78319335
6711,0.016258506
6712,1.0
6713,0.0009846096
6714,7.1220966e-05
6715,0.035248574
6716,0.99999976
6717,0.9675652
6718,1.0
6719,1.0
6720,1.0
6721,0.99999535
6722,1.0
6723,1.0
6724,1.0
6725,0.99998844
6726,1.0
6727,1.1421831e-09
6728,1.0
6729,0.99900717
6730,1.0
6731,0.9984378
6732,0.99984646
6733,0.9790202
6734,1.0
6735,0.7533285
6736,3.1892603e-05
6737,0.99996984
6738,1.4254055e-05
6739,0.011167652
6740,0.34914342
6741,1.0
6742,0.9999958
6743,0.00026174673
6744,0.9988445
6745,0.9438541
6746,1.0
6747,2.9967322e-12
6748,1.0
6749,0.9996178
6750,0.0032856755
6751,1.0
6752,0.9611312
6753,1.0
6754,1.0
6755,0.9999999
6756,1.0
6757,1.0
6758,1.0
6759,6.769309e-08
6760,0.8453402
6761,0.8411467
6762,1.0
6763,0.999432
6764,1.0
6765,0.0070045614
6766,0.79988176
6767,8.361364e-14
6768,0.2090165
6769,1.0
6770,1.0
6771,6.4283863e-06
6772,3.2986168e-07
6773,0.93968874
6774,0.8674922
6775,0.08486226
6776,0.7353821
6777,0.99769294
6778,1.0
6779,5.258742e-10
6780,1.0
6781,0.9995728
6782,0.72258276
6783,1.0
6784,1.4381414e-08
6785,1.0
6786,1.0
6787,1.0
6788,0.021816364
6789,9.288464e-06
6790,1.0
6791,1.0
6792,0.00032346827
6793,1.0
6794,0.99989223
6795,0.00013575656
6796,1.0
6797,3.7378178e-12
6798,1.0
6799,0.9999999
6800,0.6060805
6801,1.7963998e-12
6802,1.0
6803,1.0
6804,1.0
6805,3.2021492e-15
6806,1.0
6807,0.9999999
6808,0.8477015
6809,1.0
6810,1.0
6811,1.0
6812,0.8765402
6813,0.9999653
6814,1.0
6815,0.8314532
6816,1.0
6817,0.99999976
6818,0.7297087
6819,1.0
6820,1.0
6821,0.9986124
6822,0.0017986438
6823,1.0
6824,0.99999964
6825,0.850257
6826,9.262856e-07
6827,0.00031090173
6828,1.0
6829,1.0
6830,1.0
6831,1.0
6832,1.0
6833,1.3615802e-10
6834,1.0
6835,1.0
6836,2.6013547e-10
6837,1.0
6838,0.99187577
6839,1.0
6840,0.99999774
6841,0.008197084
6842,0.8125482
6843,2.0996227e-09
6844,0.7306524
6845,0.9999956
6846,0.9999049
6847,1.0
6848,0.00068920414
6849,1.0
6850,1.0
6851,2.7910923e-13
6852,0.18081073
6853,0.9992461
6854,1.0
6855,1.0
6856,1.0
6857,0.99989223
6858,0.9999865
6859,0.930301
6860,1.0
6861,0.007573872
6862,0.71648127
6863,1.0
6864,0.0030355256
6865,0.26520568
6866,0.9975955
6867,0.9976634
6868,1.286353e-09
6869,0.00012479322
6870,0.10737274
6871,0.00020948124
6872,0.00014459672
6873,0.8806662
6874,1.0
6875,1.0
6876,0.05696454
6877,1.0
6878,1.0
6879,0.06649225
6880,1.0141e-06
6881,1.0
6882,0.9999988
6883,0.00023357928
6884,1.0
6885,7.556692e-09
6886,0.9999999
6887,1.0
6888,0.01962136
6889,8.8063146e-10
6890,0.2077118
6891,0.99999106
6892,0.999995
6893,0.009428235
6894,0.5780956
6895,0.103966
6896,0.9966325
6897,0.04572753
6898,0.001315619
6899,0.9977099
6900,1.0
6901,0.9993037
6902,0.99999654
6903,2.4531605e-06
6904,0.9212531
6905,1.8498433e-07
6906,1.0
6907,0.0003718719
6908,1.0
6909,0.98611546
6910,8.923439e-05
6911,1.0
6912,0.91028315
6913,0.99999356
6914,1.0
6915,0.9669717
6916,1.0
6917,0.9999989
6918,0.05503266
6919,0.9891754
6920,1.0
6921,0.99989426
6922,0.9999999
6923,1.0
6924,1.2539624e-12
6925,1.023092e-18
6926,7.692494e-15
6927,0.88453615
6928,8.305071e-09
6929,1.0
6930,0.083496615
6931,0.030863045
6932,1.0
6933,1.0
6934,0.98470116
6935,1.0
6936,0.9999999
6937,0.99993324
6938,1.0
6939,1.0
6940,0.9999999
6941,0.102584794
6942,0.33076203
6943,0.99999964
6944,0.99957544
6945,0.9979685
6946,1.0
6947,0.9999999
6948,4.0420306e-12
6949,0.9999254
6950,0.94810337
6951,0.00025288545
6952,1.0
6953,0.064172104
6954,2.5258424e-07
6955,1.0
6956,1.0
6957,1.0
6958,0.99923956
6959,0.99733955
6960,0.9998584
6961,1.0
6962,1.7724089e-12
6963,0.9999999
6964,0.014560797
6965,0.99991083
6966,1.675087e-05
6967,2.52823e-10
6968,0.9999999
6969,1.0
6970,0.9999987
6971,0.99999285
6972,1.0
6973,0.3029989
6974,0.9999999
6975,1.0
6976,0.0043796864
6977,1.0
6978,0.99999654
6979,0.9999933
6980,0.9949772
6981,0.9224713
6982,0.99999976
6983,0.9450972
6984,1.0
6985,7.548689e-05
6986,1.0
6987,0.00011031886
6988,0.99794835
6989,0.9986487
6990,1.0
6991,0.9731977
6992,5.1545635e-06
6993,1.0
6994,0.9996562
6995,0.9999999
6996,0.99567944
6997,0.9849562
6998,0.003691704
6999,1.0
7000,1.0
7001,1.0
7002,8.5391344e-10
7003,1.0
7004,1.0
7005,0.9999927
7006,0.41910157
7007,0.99530715
7008,1.5220911e-06
7009,0.00034961637
7010,2.7503074e-08
7011,0.99999976
7012,0.5496944
7013,1.0
7014,0.02880787
7015,1.0
7016,0.2530409
7017,1.0
7018,0.9444112
7019,1.0
7020,0.43182427
7021,0.99999976
7022,1.0
7023,0.012010095
7024,0.99998724
7025,0.9982412
7026,1.0
7027,1.0
7028,1.0
7029,0.0005845179
7030,0.98946035
7031,1.0
7032,0.0015568992
7033,1.0
7034,0.997656
7035,0.00013877725
7036,1.3413074e-13
7037,1.0
7038,1.0
7039,1.0
7040,1.0
7041,0.0006035788
7042,1.0
7043,0.99084514
7044,0.21553402
7045,0.99027747
7046,1.0
7047,1.0
7048,1.0
7049,0.010579071
7050,0.9999999
7051,0.9999939
7052,0.999998
7053,0.9873855
7054,1.955072e-06
7055,0.99770373
7056,0.0021265482
7057,0.2543874
7058,1.6971513e-05
7059,1.0
7060,1.0
7061,8.437907e-06
7062,1.0
7063,0.96871275
7064,6.581479e-05
7065,1.0
7066,0.00024917573
7067,1.0
7068,1.0
7069,0.99320686
7070,6.9665475e-07
7071,0.9891628
7072,1.0
7073,0.9998939
7074,5.0422614e-06
7075,1.0
7076,0.6334332
7077,0.99998367
7078,0.006196959
7079,0.01915431
7080,0.9645261
7081,0.99962544
7082,1.0
7083,1.0
7084,0.9999883
7085,1.0
7086,5.512704e-09
7087,0.99995005
7088,0.8024851
7089,0.99924195
7090,2.778411e-07
7091,0.052208766
7092,1.0
7093,0.9875882
7094,7.395245e-05
7095,0.96627456
7096,0.8385527
7097,0.99999475
7098,0.9999993
7099,0.99340326
7100,1.0
7101,2.3877883e-14
7102,1.0
7103,1.0
7104,1.0
7105,0.9829574
7106,0.0060139624
7107,0.99998415
7108,0.1344433
7109,1.0
7110,1.7470835e-10
7111,2.0874065e-06
7112,3.0005648e-07
7113,0.27571592
7114,1.0
7115,4.1421273e-11
7116,0.99499243
7117,0.9999989
7118,1.0
7119,1.0
7120,1.0
7121,1.0
7122,0.0027663196
7123,0.99999917
7124,0.9902154
7125,2.9218756e-11
7126,0.99995935
7127,0.99999213
7128,0.014481622
7129,1.0
7130,1.0
7131,1.0
7132,1.0
7133,0.9976787
7134,0.9996057
7135,1.0
7136,1.0
7137,2.444941e-07
7138,1.0
7139,1.0
7140,0.0025654351
7141,0.009720238
7142,1.0
7143,8.399549e-07
7144,7.0274275e-09
7145,1.0
7146,0.99891055
7147,0.98917866
7148,1.0167922e-06
7149,0.999838
7150,0.06796094
7151,1.0
7152,1.7418074e-09
7153,0.9999999
7154,1.0
7155,2.2077589e-07
7156,0.9999999
7157,0.9481668
7158,1.0
7159,1.0
7160,0.39425766
7161,0.999985
7162,0.9999995
7163,1.0
7164,1.0604708e-13
7165,1.0
7166,1.0
7167,1.0
7168,0.001381193
7169,0.99970335
7170,0.7289509
7171,0.00010811078
7172,1.0
7173,0.99983585
7174,1.0
7175,0.9989145
7176,0.9991924
7177,0.2876529
7178,0.9576614
7179,0.9999968
7180,0.999998
7181,1.2297386e-07
7182,1.0
7183,0.9999981
7184,0.22957022
7185,0.99999905
7186,0.008278489
7187,0.01255629
7188,0.9430073
7189,1.0
7190,1.0
7191,0.99998736
7192,0.9999951
7193,1.0
7194,2.6197359e-08
7195,1.0
7196,6.3721316e-08
7197,0.007725761
7198,0.9999918
7199,0.9994492
7200,2.2561393e-09
7201,6.193594e-10
7202,7.89155e-06
7203,1.0
7204,0.99999607
7205,0.99996126
7206,1.0
7207,0.9590716
7208,1.0
7209,1.0
7210,1.0
7211,1.0
7212,0.99999917
7213,1.4841672e-06
7214,0.9620322
7215,0.88229996
7216,0.9989982
7217,1.0
7218,0.98511606
7219,6.0166603e-16
7220,1.0
7221,1.0
7222,1.0
7223,0.5738447
7224,1.0
7225,1.0
7226,0.0020697273
7227,1.0
7228,0.99999964
7229,1.0
7230,0.05371783
7231,1.0
7232,0.9904648
7233,0.9629627
7234,0.030070782
7235,0.004919776
7236,0.9999995
7237,0.99983776
7238,1.0
7239,0.999998
7240,0.00074193673
7241,0.9704577
7242,0.9529597
7243,1.0
7244,1.0
7245,0.000290266
7246,0.99839157
7247,1.0
7248,1.0
7249,0.9999995
7250,0.9999956
7251,1.0
7252,0.9999981
7253,0.50486714
7254,1.0
7255,1.0
7256,1.5235848e-08
7257,0.9987482
7258,1.0
7259,1.0
7260,1.0
7261,0.9994531
7262,0.9401161
7263,1.0
7264,0.011454625
7265,1.0
7266,0.9974612
7267,1.0
7268,0.93161166
7269,0.99997485
7270,0.99980336
7271,0.9999907
7272,0.9999633
7273,1.0
7274,0.8688365
7275,0.0012869873
7276,0.00040009702
7277,0.00012205349
7278,0.0011325895
7279,0.04466418
7280,0.988755
7281,0.8800874
7282,0.6677429
7283,0.47297806
7284,0.00010972307
7285,1.0
7286,0.9917584
7287,9.130327e-07
7288,8.4861436e-24
7289,1.0
7290,1.0
7291,0.9999881
7292,1.0
7293,2.5290525e-08
7294,1.0
7295,0.9788876
7296,1.0
7297,0.0015683234
7298,1.0
7299,1.0
7300,0.08449497
7301,0.00033341924
7302,1.0
7303,0.9999999
7304,0.99999905
7305,0.9046954
7306,2.0999978e-06
7307,0.8983774
7308,0.9999093
7309,1.0
7310,0.9999981
7311,0.99151987
7312,1.0
7313,0.98875636
7314,0.9998983
7315,1.0
7316,1.0
7317,1.0
7318,3.2149517e-15
7319,1.0
7320,1.0
7321,5.350592e-05
7322,0.9967619
7323,1.0
7324,0.99999964
7325,2.3689485e-05
7326,0.99999166
7327,0.86763227
7328,1.0
7329,2.7586822e-08
7330,1.0
7331,1.0
7332,6.624948e-11
7333,1.0
7334,1.0
7335,0.9998734
7336,0.9999999
7337,2.5243701e-14
7338,0.99877626
7339,0.012431838
7340,4.3659956e-08
7341,1.0
7342,0.9998888
7343,1.0
7344,0.99842834
7345,1.0
7346,6.1921296e-10
7347,0.00029342293
7348,1.8907938e-05
7349,0.0018019052
7350,0.9999275
7351,1.0
7352,0.014125089
7353,0.9999937
7354,1.0
7355,1.0
7356,1.0
7357,0.81487304
7358,0.99997866
7359,1.0
7360,1.0
7361,0.19628674
7362,1.0
7363,0.00032660822
7364,0.9999931
7365,0.99772924
7366,1.6429231e-19
7367,0.0005848037
7368,0.9995547
7369,1.0
7370,1.7351018e-10
7371,1.0
7372,0.006962166
7373,1.0
7374,1.0
7375,1.0
7376,0.14625268
7377,0.28446496
7378,1.0
7379,0.00024718264
7380,0.00010699249
7381,1.0
7382,0.008551892
7383,4.1236992e-10
7384,0.9999993
7385,1.0
7386,0.9311425
7387,1.0
7388,1.0
7389,1.0
7390,1.0
7391,1.0
7392,6.0752354e-05
7393,0.9981865
7394,1.0
7395,1.0
7396,3.5486875e-05
7397,0.8214883
7398,0.07037251
7399,1.0836988e-14
7400,1.0
7401,2.4513422e-10
7402,0.9985531
7403,1.0
7404,0.01104696
7405,0.9869876
7406,1.0
7407,0.99646014
7408,1.0
7409,0.94141686
7410,2.634701e-10
7411,0.0027324373
7412,0.30424356
7413,0.99999976
7414,1.0
7415,4.3543457e-11
7416,0.9998313
7417,0.998912
7418,0.44391695
7419,5.006102e-05
7420,0.9892615
7421,1.0
7422,1.0
7423,0.8731693
7424,1.0
7425,1.0
7426,0.96959746
7427,0.9769076
7428,1.0
7429,1.0
7430,0.99998295
7431,0.99999595
7432,1.0
7433,1.0
7434,3.1308651e-12
7435,1.0
7436,1.0
7437,1.5275153e-05
7438,1.4303416e-06
7439,1.0
7440,1.0
7441,1.0
7442,1.0
7443,0.99995136
7444,1.6808781e-10
7445,0.9974946
7446,6.3634573e-09
7447,0.9999999
7448,0.047882833
7449,0.014478778
7450,6.268724e-08
7451,1.0
7452,0.9999436
7453,0.032505136
7454,0.9999906
7455,0.99550545
7456,0.9995598
7457,0.45251328
7458,1.0
7459,0.9319673
7460,0.723156
7461,0.1107143
7462,2.0733125e-06
7463,0.9933769
7464,3.040752e-05
7465,0.9999999
7466,0.0012134429
7467,0.001976267
7468,1.0
7469,2.117103e-05
7470,0.999954
7471,0.9948887
7472,1.0
7473,0.99996793
7474,1.0
7475,0.9397398
7476,0.9987708
7477,0.76029205
7478,1.0
7479,7.710978e-14
7480,0.9999999
7481,0.15328665
7482,0.014689872
7483,1.0
7484,1.0
7485,1.0
7486,0.8274538
7487,1.0
7488,0.9974619
7489,0.99996483
7490,0.99999535
7491,1.9007692e-07
7492,1.6247872e-14
7493,0.99999905
7494,0.9999956
7495,1.0
7496,1.0
7497,1.0
7498,0.99131703
7499,0.99999607
7500,0.39993203
7501,2.8008113e-05
7502,3.9368242e-08
7503,0.68340623
7504,2.2583713e-07
7505,1.0
7506,1.0
7507,0.9999877
7508,3.7122697e-07
7509,0.42193976
7510,0.029811647
7511,0.83395183
7512,7.9639485e-06
7513,0.9999628
7514,0.98621756
7515,1.0
7516,1.0
7517,7.917383e-07
7518,1.0
7519,2.4515466e-06
7520,0.9999975
7521,1.0
7522,0.91331893
7523,0.99999964
7524,0.99233
7525,0.99999917
7526,0.009205046
7527,1.0
7528,0.9999999
7529,0.9999577
7530,1.1034018e-05
7531,1.0
7532,4.65015e-06
7533,2.0545754e-09
7534,1.0
7535,1.0
7536,1.0
7537,0.998698
7538,1.0
7539,0.9999999
7540,0.9970227
7541,1.0
7542,0.8479954
7543,1.0
7544,0.99999964
7545,1.0
7546,1.0
7547,0.001789563
7548,1.0
7549,0.9999989
7550,0.9989428
7551,0.043888047
7552,1.0
7553,7.1966075e-05
7554,3.6667305e-09
7555,1.0
7556,1.0
7557,1.0
7558,0.9999951
7559,1.0
7560,1.0
7561,0.99991393
7562,1.0
7563,1.0
7564,0.4790762
7565,6.581479e-05
7566,0.9993118
7567,0.9983456
7568,0.7912845
7569,1.6655375e-05
7570,1.0
7571,1.0
7572,0.9999167
7573,0.35265797
7574,0.9983209
7575,0.9999901
7576,0.99999785
7577,1.3942309e-05
7578,1.765552e-07
7579,0.46553245
7580,0.16961178
7581,0.9999665
7582,0.6100343
7583,0.9999999
7584,0.99894303
7585,1.1309727e-06
7586,1.0
7587,0.07814052
7588,7.2598225e-05
7589,1.0
7590,0.004594566
7591,7.617495e-10
7592,0.999949
7593,1.0
7594,0.99150664
7595,0.93825746
7596,1.0
7597,0.9999994
7598,3.8010644e-08
7599,1.0
7600,1.0
7601,0.05434818
7602,1.0
7603,2.8648577e-08
7604,0.9989427
7605,1.0
7606,0.98362005
7607,7.3206975e-11
7608,0.9896902
7609,1.0
7610,0.99041545
7611,1.0
7612,1.0
7613,0.9999709
7614,1.0
7615,1.0
7616,0.9999838
7617,1.0
7618,1.0
7619,1.0
7620,1.0
7621,1.0
7622,0.98903185
7623,1.0
7624,1.0
7625,0.91138595
7626,0.00017546026
7627,1.0
7628,1.0
7629,0.9627228
7630,1.0
7631,0.987671
7632,1.0
7633,1.6485861e-06
7634,1.0
7635,0.9988153
7636,1.0
7637,0.00031750396
7638,5.578045e-07
7639,0.6535058
7640,0.99999833
7641,0.00031357937
7642,0.0376637
7643,6.0057107e-12
7644,1.0
7645,1.0
7646,0.44141057
7647,0.9999156
7648,0.99993145
7649,0.9999995
7650,0.9888052
7651,1.0
7652,0.9663971
7653,1.0
7654,0.9999995
7655,1.0
7656,0.9894121
7657,0.9999912
7658,1.0
7659,0.9998597
7660,0.99196285
7661,1.0
7662,0.9985446
7663,0.99998736
7664,0.09604271
7665,0.999889
7666,1.0
7667,0.9999944
7668,0.20143679
7669,0.9999999
7670,8.014827e-11
7671,0.9954283
7672,0.06991334
7673,0.9999387
7674,0.99175984
7675,0.9946635
7676,0.9966149
7677,0.8598997
7678,0.99999976
7679,1.0
7680,0.9982627
7681,0.9875258
7682,0.9999937
7683,0.15905699
7684,0.99998045
7685,4.271144e-06
7686,1.0
7687,0.48483643
7688,1.0
7689,0.99997425
7690,0.99996436
7691,0.9999995
7692,8.414234e-15
7693,0.9993382
7694,1.0
7695,1.965425e-08
7696,0.9753608
7697,0.99999595
7698,0.99997735
7699,0.23771864
7700,1.0
7701,3.9361712e-08
7702,0.9999584
7703,3.9141215e-09
7704,1.0
7705,0.52224094
7706,0.9999782
7707,0.9999982
7708,3.904538e-06
7709,0.9998375
7710,0.99999666
7711,1.0
7712,0.99998665
7713,1.0
7714,0.99993896
7715,1.1695384e-14
7716,0.883055
7717,0.9999268
7718,1.5189053e-11
7719,0.99998057
7720,0.9999901
7721,0.66066366
7722,0.9999751
7723,1.0
7724,0.28107613
7725,1.0
7726,0.00032151898
7727,0.994517
7728,1.0
7729,6.813992e-33
7730,0.003956621
7731,1.0
7732,1.0
7733,1.0
7734,0.9999914
7735,0.014860906
7736,0.0009422833
7737,0.9993395
7738,1.0
7739,1.0
7740,0.9999993
7741,0.99998474
7742,1.0
7743,0.9999999
7744,0.9999603
7745,8.6470616e-05
7746,1.0
7747,0.9995778
7748,0.9811064
7749,0.002250847
7750,3.55895e-06
7751,0.31926355
7752,0.0069182175
7753,0.0016619365
7754,0.005094977
7755,0.999405
7756,0.85422486
7757,2.7725957e-07
7758,1.0
7759,0.8011562
7760,0.005526397
7761,3.4143546e-09
7762,1.0
7763,1.0178944e-06
7764,5.312962e-10
7765,2.6380298e-05
7766,0.0021847798
7767,1.0
7768,1.0
7769,0.9836031
7770,1.0
7771,0.99999607
7772,0.007758902
7773,0.9999589
7774,0.99722373
7775,0.99995375
7776,0.0029893436
7777,2.82239e-05
7778,1.0
7779,1.0
7780,0.9267305
7781,0.9999993
7782,7.180606e-12
7783,0.078770086
7784,1.0
7785,0.0020726803
7786,0.19099054
7787,1.0
7788,0.82780266
7789,1.0
7790,1.0
7791,9.594813e-06
7792,0.9998147
7793,0.90882045
7794,0.99967897
7795,1.0
7796,0.9983681
7797,0.9211069
7798,0.9992472
7799,0.9999862
7800,1.0
7801,0.99784315
7802,1.0
7803,9.162854e-05
7804,1.0
7805,0.99663854
7806,0.46307907
7807,1.0
7808,1.0
7809,1.0
7810,0.98934424
7811,0.0074944897
7812,0.9997812
7813,0.9999924
7814,0.00810049
7815,0.9984877
7816,1.0
7817,1.0
7818,0.92138165
7819,0.9982703
7820,0.99994254
7821,0.9999995
7822,0.98540604
7823,5.858879e-10
7824,1.0
7825,0.9779775
7826,1.0
7827,1.0
7828,1.0
7829,1.0
7830,1.0
7831,4.7460357e-08
7832,0.99669975
7833,0.99999046
7834,0.117798425
7835,1.0
7836,0.9999944
7837,1.0
7838,1.0
7839,0.5618504
7840,0.0118321115
7841,0.9123929
7842,0.011261836
7843,1.0
7844,3.442059e-05
7845,0.9999995
7846,0.99998736
7847,0.99999976
7848,1.0
7849,1.6514972e-05
7850,1.0
7851,1.0
7852,4.6081386e-08
7853,0.98758495
7854,0.76394385
7855,0.87768155
7856,1.0
7857,0.025501007
7858,1.0
7859,0.9999713
7860,1.0
7861,0.9999999
7862,1.0
7863,0.019677278
7864,1.1352273e-19
7865,1.6479236e-14
7866,0.9999981
7867,1.0
7868,1.0
7869,0.9999975
7870,1.0
7871,1.0
7872,0.9999889
7873,0.99996984
7874,0.9999999
7875,1.0
7876,2.2355707e-08
7877,1.0
7878,0.9998216
7879,1.10640525e-11
7880,8.1552e-11
7881,3.1440697e-10
7882,1.0
7883,0.999972
7884,7.182636e-26
7885,0.6296747
7886,0.9999995
7887,0.85128653
7888,0.9183185
7889,0.83794075
7890,1.0
7891,1.0
7892,0.05526294
7893,0.9999999
7894,0.9999498
7895,0.0030436157
7896,0.15528564
7897,0.9900304
7898,1.0
7899,1.873073e-05
7900,1.0
7901,0.99852484
7902,1.0
7903,1.0
7904,0.023982061
7905,1.0
7906,2.2734775e-10
7907,0.999537
7908,0.8731676
7909,1.0
7910,3.2896064e-10
7911,2.418253e-06
7912,0.0057372274
7913,0.5174899
7914,0.9999796
7915,0.9706863
7916,0.99927515
7917,1.0
7918,1.0
7919,1.8500175e-05
7920,1.0
7921,1.0
7922,0.44857627
7923,1.0
7924,1.0
7925,0.9999999
7926,1.0
7927,0.99999857
7928,1.0
7929,1.0
7930,1.0
7931,0.0030371218
7932,1.0
7933,0.99994946
7934,0.612469
7935,0.3935854
7936,0.9999989
7937,1.0
7938,0.00042711117
7939,1.0
7940,1.0
7941,0.99861264
7942,1.0
7943,0.99999964
7944,0.9999906
7945,0.9998665
7946,0.99999964
7947,0.9993585
7948,1.0
7949,8.828594e-11
7950,0.99994457
7951,1.0
7952,1.0
7953,1.0
7954,0.99999714
7955,0.9997985
7956,1.0
7957,7.3046317e-07
7958,1.0
7959,1.0
7960,1.0
7961,1.0
7962,0.9932259
7963,0.018922161
7964,1.0
7965,1.4182587e-08
7966,1.0
7967,1.0
7968,1.0
7969,0.9999987
7970,0.9998709
7971,3.165765e-06
7972,1.0
7973,1.0
7974,1.0
7975,2.2231118e-08
7976,1.0
7977,0.99999976
7978,0.16894464
7979,0.99999976
7980,0.025491608
7981,1.0
7982,1.0
7983,1.0
7984,1.0
7985,8.853952e-06
7986,1.192115e-09
7987,1.0
7988,0.0026919856
7989,0.9997907
7990,3.0158812e-10
7991,6.6849598e-06
7992,5.655354e-08
7993,0.99999905
7994,1.0
7995,1.0
7996,2.4976076e-14
7997,0.9999589
7998,0.00325946
7999,0.49239108
8000,1.166307e-31
8001,0.9996259
8002,1.0
8003,1.0
8004,0.8964575
8005,1.0
8006,0.95445883
8007,0.3797722
8008,0.031332865
8009,0.9986265
8010,0.012948118
8011,1.0
8012,0.9999043
8013,0.0045632385
8014,0.99999964
8015,0.0029301222
8016,0.99728
8017,0.031347573
8018,2.0258627e-05
8019,1.0
8020,1.0
8021,0.9976538
8022,5.865632e-14
8023,1.0
8024,0.9994796
8025,2.2569145e-16
8026,1.7190059e-06
8027,0.9916224
8028,1.0
8029,0.43529978
8030,0.07619448
8031,1.0
8032,0.99730563
8033,0.9999043
8034,0.9997577
8035,0.9999999
8036,1.0
8037,6.6836346e-15
8038,0.95113784
8039,1.0
8040,1.0
8041,1.0
8042,0.9999186
8043,1.0
8044,4.572175e-06
8045,0.96200716
8046,1.0
8047,0.07622339
8048,0.0044437298
8049,6.75991e-06
8050,3.795545e-11
8051,0.99999976
8052,0.9999999
8053,0.36435845
8054,1.0
8055,1.0
8056,1.2676684e-06
8057,0.9999995
8058,4.46786e-05
8059,1.0
8060,0.9999907
8061,1.0
8062,0.99999976
8063,0.40393233
8064,0.9545407
8065,1.0
8066,0.019665683
8067,1.0
8068,0.9999988
8069,1.0
8070,0.9989548
8071,1.0
8072,7.710166e-11
8073,0.00400909
8074,0.78771406
8075,1.0
8076,1.0
8077,5.021641e-05
8078,1.0937619e-14
8079,0.9999969
8080,1.0
8081,0.99288917
8082,0.9835433
8083,3.890638e-09
8084,1.0
8085,1.0
8086,0.06021237
8087,0.9999999
8088,0.000807309
8089,1.0
8090,0.06606096
8091,0.9999933
8092,1.0
8093,1.9804395e-06
8094,0.9999888
8095,0.9989579
8096,0.99999857
8097,1.0
8098,2.633607e-09
8099,0.7486643
8100,1.0
8101,1.0
8102,0.60589653
8103,0.15700719
8104,1.0
8105,1.0
8106,0.000312578
8107,1.0
8108,1.0
8109,1.0
8110,1.0
8111,0.5216891
8112,0.99999547
8113,0.9999871
8114,0.8393059
8115,0.99480623
8116,0.87623715
8117,1.0
8118,0.9982496
8119,0.00068561157
8120,1.0
8121,0.9735136
8122,1.0
8123,1.0
8124,1.0
8125,5.12172e-07
8126,0.98886335
8127,0.9999012
8128,1.0
8129,1.0
8130,0.07156236
8131,1.0
8132,1.0
8133,0.7763083
8134,0.93875957
8135,0.7870285
8136,1.0
8137,0.00015833911
8138,1.7192472e-09
8139,0.0014481635
8140,0.9999999
8141,0.9999522
8142,0.00030368075
8143,0.9999994
8144,0.66993153
8145,1.0
8146,2.8865654e-09
8147,0.99977714
8148,0.00015274751
8149,0.99999976
8150,9.058991e-16
8151,7.0694994e-05
8152,1.0527935e-07
8153,0.005974573
8154,0.17147864
8155,1.0
8156,2.5557654e-13
8157,1.0
8158,1.0
8159,9.3299707e-07
8160,0.00040987134
8161,0.0009530931
8162,0.99965334
8163,0.9999969
8164,1.0
8165,1.0
8166,0.99957687
8167,1.0
8168,0.97445697
8169,0.24453968
8170,1.0
8171,0.0038153403
8172,1.0
8173,1.0
8174,0.99997556
8175,0.025276108
8176,1.0
8177,0.9999794
8178,1.7971662e-06
8179,0.99942493
8180,0.99940264
8181,1.0
8182,1.0
8183,0.99998975
8184,1.0
8185,0.82375634
8186,1.0
8187,0.9999976
8188,0.9980242
8189,1.0
8190,0.4172083
8191,1.0
8192,0.99895823
8193,0.43540227
8194,1.0
8195,2.6076847e-05
8196,0.9999994
8197,1.0
8198,1.0
8199,1.0
8200,1.0
8201,1.0
8202,1.0
8203,1.0
8204,0.9999311
8205,1.0
8206,1.0
8207,1.0
8208,0.9967589
8209,0.9999349
8210,0.046058867
8211,1.0
8212,1.0
8213,0.9999958
8214,1.0
8215,4.774107e-05
8216,1.0
8217,1.3271208e-05
8218,0.99992776
8219,0.99851304
8220,3.2505886e-05
8221,1.0
8222,0.6880766
8223,0.09280956
8224,1.0
8225,1.0
8226,0.998323
8227,0.9993057
8228,0.9987883
8229,1.0
8230,1.0
8231,0.9970016
8232,1.6034959e-09
8233,0.04906725
8234,0.16636223
8235,0.9999616
8236,0.99968946
8237,0.00020528465
8238,0.9494225
8239,0.99999964
8240,1.0
8241,0.99999976
8242,1.0
8243,0.6811513
8244,0.9999988
8245,0.98537457
8246,4.135117e-05
8247,0.96795535
8248,0.9999603
8249,0.013690571
8250,0.99091536
8251,1.0
8252,3.2791627e-06
8253,0.0072830557
8254,5.19314e-08
8255,1.0
8256,0.982078
8257,0.023768386
8258,0.9981183
8259,1.0
8260,0.9999995
8261,0.9999999
8262,0.5461956
8263,0.9986565
8264,2.891979e-07
8265,1.0
8266,3.54492e-09
8267,1.0
8268,0.9998492
8269,0.9601386
8270,8.6560215e-10
8271,0.016004227
8272,0.06711167
8273,1.0
8274,1.0
8275,2.5501135e-08
8276,1.0
8277,7.104636e-05
8278,0.9997626
8279,1.3039712e-09
8280,0.9999542
8281,0.99998176
8282,1.0
8283,1.0
8284,0.9934243
8285,0.05807591
8286,0.99999976
8287,6.4670974e-07
8288,1.0
8289,0.75771946
8290,0.14323498
8291,1.0
8292,0.99998474
8293,1.0
8294,1.0
8295,5.7877946e-07
8296,1.0
8297,0.9022996
8298,0.68344855
8299,1.0
8300,1.0
8301,1.0
8302,1.0
8303,0.99997294
8304,0.9998702
8305,0.03898318
8306,0.002818813
8307,0.0025995416
8308,0.99924207
8309,1.0
8310,0.65730023
8311,0.99975485
8312,0.99274
8313,0.9999995
8314,0.999982
8315,1.0
8316,1.3025422e-06
8317,0.99999714
8318,0.99999917
8319,0.9595047
8320,0.12884422
8321,3.4871485e-07
8322,0.9999999
8323,0.9996513
8324,0.9862136
8325,1.0
8326,1.0
8327,1.0
8328,0.0001247692
8329,3.265359e-09
8330,1.5613876e-06
8331,0.3471514
8332,0.00019607513
8333,0.9999169
8334,1.0
8335,1.0
8336,1.0
8337,1.0
8338,1.0
8339,0.024298651
8340,0.9603051
8341,0.9373658
8342,4.9371812e-14
8343,1.0
8344,1.0
8345,0.99999976
8346,0.042530924
8347,6.560563e-05
8348,1.0
8349,0.9846133
8350,1.0
8351,1.0
8352,0.9940369
8353,0.40869033
8354,1.0
8355,0.9999993
8356,0.0004335918
8357,1.0
8358,1.0
8359,1.166587e-09
8360,0.9999994
8361,8.6753906e-05
8362,0.9999784
8363,0.6164017
8364,0.99678147
8365,4.215501e-05
8366,0.0002637863
8367,0.9999999
8368,1.0
8369,1.0
8370,0.37815136
8371,1.0
8372,1.0
8373,0.99999976
8374,1.09342785e-07
8375,1.0
8376,0.77660936
8377,0.0010317748
8378,0.26979306
8379,1.0
8380,1.0
8381,2.869196e-14
8382,0.99566454
8383,9.0217e-11
8384,0.0001357699
8385,0.9992569
8386,1.0
8387,1.0
8388,0.00015307235
8389,0.05019342
8390,0.014649786
8391,0.999997
8392,3.5245724e-09
8393,1.0
8394,1.0
8395,0.016436731
8396,1.0
8397,1.0
8398,1.0
8399,0.99405897
8400,2.4724608e-12
8401,0.9894525
8402,1.0
8403,0.9999851
8404,0.9999846
8405,1.0
8406,0.9999999
8407,3.8871515e-09
8408,1.0
8409,0.95804495
8410,0.97532225
8411,3.1785121e-09
8412,0.99987435
8413,0.9999999
8414,8.2267296e-05
8415,1.0
8416,0.0021723723
8417,0.002954073
8418,0.9993831
8419,0.9999881
8420,4.596114e-07
8421,1.0
8422,1.0
8423,1.0
8424,1.0
8425,1.0
8426,0.99986434
8427,0.9999794
8428,6.8293402e-06
8429,0.72925794
8430,0.99999
8431,0.99999464
8432,0.9669731
8433,0.9999893
8434,0.99998975
8435,0.99999917
8436,5.1358097e-06
8437,1.0
8438,0.99761474
8439,5.758196e-07
8440,1.0
8441,0.1898842
8442,1.0
8443,1.0
8444,1.0
8445,1.0
8446,1.0
8447,1.0
8448,1.0
8449,0.9981554
8450,1.0
8451,0.99938464
8452,0.99997663
8453,1.0
8454,0.9991178
8455,1.0
8456,2.2236353e-10
8457,0.34489363
8458,0.99853563
8459,0.9994947
8460,1.0
8461,0.64433306
8462,5.1566004e-12
8463,1.0
8464,1.0
8465,0.93074125
8466,0.99690586
8467,8.3945126e-16
8468,0.9999373
8469,1.0
8470,0.9999995
8471,1.0
8472,0.9943403
8473,0.030036785
8474,0.99975485
8475,0.9999573
8476,1.0
8477,8.386014e-05
8478,1.4600499e-09
8479,1.0
8480,0.997065
8481,1.0
8482,1.0
8483,0.99999905
8484,1.0
8485,0.9999999
8486,1.1648474e-18
8487,0.98949474
8488,0.016136413
8489,0.9977324
8490,1.0
8491,0.9901737
8492,0.0053379517
8493,1.0
8494,1.0
8495,0.618771
8496,1.0
8497,1.236613e-10
8498,0.9996575
8499,8.215764e-18
8500,2.3527272e-12
8501,1.0
8502,0.9963897
8503,1.0
8504,3.0918306e-11
8505,1.0
8506,1.0
8507,1.0
8508,0.14700854
8509,0.9938613
8510,0.99999833
8511,0.99999964
8512,0.99193984
8513,1.0
8514,1.0
8515,0.6838444
8516,0.002826954
8517,0.98648703
8518,1.0
8519,1.0
8520,0.9998864
8521,0.00010963501
8522,0.92702556
8523,1.0
8524,1.0
8525,0.9924596
8526,4.4803647e-11
8527,0.978959
8528,0.1438996
8529,1.0
8530,0.00014052782
8531,5.1619094e-07
8532,0.99998224
8533,1.0
8534,0.00347958
8535,1.0
8536,0.99909365
8537,0.98781306
8538,0.9949803
8539,0.87347394
8540,0.0066035646
8541,0.094473705
8542,1.0
8543,1.5098391e-14
8544,1.0
8545,1.0
8546,1.0
8547,0.9560762
8548,0.99998164
8549,0.99997604
8550,4.456976e-19
8551,1.0
8552,1.0
8553,1.0
8554,0.00061011617
8555,1.7604928e-15
8556,1.9185582e-06
8557,1.0
8558,0.9999988
8559,0.0040326426
8560,0.5889588
8561,7.679497e-17
8562,1.0
8563,0.11487047
8564,0.99964964
8565,1.0
8566,0.94687027
8567,0.9994721
8568,0.99850935
8569,0.9999999
8570,1.0
8571,0.99999964
8572,0.00078069954
8573,1.0
8574,0.008749837
8575,0.96193016
8576,6.4324647e-13
8577,0.025727658
8578,0.003049071
8579,1.0
8580,1.0
8581,7.4714634e-08
8582,1.0
8583,0.9999933
8584,0.99991214
8585,0.49983764
8586,0.044082988
8587,1.0
8588,0.9999999
8589,1.0
8590,0.9914904
8591,0.85873944
8592,3.6022376e-15
8593,1.0374526e-05
8594,0.9977023
8595,1.0
8596,1.0
8597,0.9999993
8598,0.99996185
8599,0.97725576
8600,0.9999988
8601,0.0011746918
8602,0.9462254
8603,0.9999999
8604,1.0
8605,1.0
8606,0.9999901
8607,0.9985643
8608,1.0
8609,0.782001
8610,1.0
8611,0.0021992405
8612,1.0
8613,1.0
8614,0.98696125
8615,0.06778662
8616,0.4087715
8617,0.03892843
8618,5.2507016e-06
8619,0.9598249
8620,0.9999751
8621,0.99970144
8622,1.496414e-09
8623,0.9902288
8624,0.10699353
8625,1.0
8626,0.22556017
8627,0.9999007
8628,1.0
8629,0.99999964
8630,0.18050583
8631,0.002781954
8632,1.0942995e-08
8633,1.0
8634,1.0
8635,1.08202645e-13
8636,0.9999999
8637,0.99949396
8638,1.0
8639,1.0
8640,1.0
8641,1.0
8642,5.7754903e-09
8643,0.00015996698
8644,9.871215e-08
8645,0.9988888
8646,0.0004480723
8647,1.0
8648,0.99999964
8649,0.026570527
8650,0.30737415
8651,0.8099774
8652,0.99974555
8653,1.0
8654,2.0562302e-16
8655,1.0
8656,2.1537032e-08
8657,8.1027036e-07
8658,1.0
8659,0.87913924
8660,0.9997762
8661,0.9305527
8662,0.99999964
8663,0.9983917
8664,0.99997914
8665,1.0
8666,0.99844664
8667,1.0
8668,1.130807e-07
8669,1.0
8670,0.98665303
8671,0.99941826
8672,0.9999329
8673,0.9999989
8674,0.7651423
8675,0.0010460886
8676,5.6785293e-06
8677,0.00019048923
8678,0.9999995
8679,0.99740833
8680,0.7953956
8681,0.99979395
8682,1.158001e-07
8683,0.99998665
8684,0.33661297
8685,1.0
8686,0.9999989
8687,0.69402146
8688,3.3098964e-18
8689,0.00010644175
8690,1.0
8691,1.0
8692,0.91188115
8693,1.0
8694,0.81930554
8695,1.0
8696,1.0
8697,1.0
8698,0.99993086
8699,0.18024415
8700,0.99991786
8701,4.929174e-14
8702,5.414298e-11
8703,1.0
8704,5.7243302e-05
8705,0.99999964
8706,0.24857801
8707,1.0728778e-12
8708,5.753389e-06
8709,1.0
8710,0.9997595
8711,1.0
8712,0.9980343
8713,0.9998872
8714,1.0
8715,0.9999995
8716,1.0
8717,1.0
8718,0.9998379
8719,1.0
8720,0.4937395
8721,0.9967589
8722,1.0
8723,0.03102688
8724,6.89388e-07
8725,1.0
8726,1.0
8727,1.0
8728,0.9706115
8729,0.9997931
8730,5.76864e-06
8731,1.0
8732,1.0
8733,0.9999808
8734,1.0
8735,6.431673e-06
8736,0.99997723
8737,1.0
8738,1.0
8739,0.0030636948
8740,1.0
8741,1.0
8742,0.9999995
8743,0.7574382
8744,1.0
8745,0.9999914
8746,1.0
8747,4.883402e-15
8748,1.0
8749,1.0
8750,0.999997
8751,2.6535358e-06
8752,0.066177055
8753,1.0
8754,0.99999905
8755,1.0
8756,1.0
8757,1.0
8758,1.0
8759,0.8651698
8760,0.9999999
8761,0.9961421
8762,1.0
8763,3.7571244e-08
8764,1.0
8765,1.0
8766,0.9993461
8767,1.0
8768,1.0
8769,0.99608165
8770,0.17403618
8771,0.9999757
8772,1.0
8773,0.99999964
8774,0.020392392
8775,5.6046815e-06
8776,1.644318e-08
8777,1.0
8778,1.09919895e-07
8779,7.3573945e-05
8780,8.7023795e-07
8781,3.615612e-06
8782,1.0
8783,7.783163e-17
8784,0.028549386
8785,1.0
8786,0.9629868
8787,4.954724e-06
8788,1.0
8789,6.91895e-05
8790,0.9985783
8791,0.00028784966
8792,1.0
8793,0.36132625
8794,0.080514416
8795,0.002357715
8796,0.0005314248
8797,1.0
8798,1.0
8799,0.99999976
8800,0.9999976
8801,1.0
8802,1.1349927e-09
8803,1.0
8804,5.677142e-12
8805,5.836533e-06
8806,0.9999727
8807,5.0725503e-06
8808,4.781901e-07
8809,1.0
8810,0.99998724
8811,1.0
8812,0.99998
8813,0.99994004
8814,1.0
8815,1.0
8816,1.0
8817,1.0
8818,0.5870792
8819,0.99999547
8820,0.99999404
8821,1.0
8822,0.99979466
8823,0.0036650263
8824,1.0
8825,0.63867337
8826,1.0
8827,5.1660485e-05
8828,0.023405248
8829,0.00094907964
8830,0.99293464
8831,1.0
8832,1.0
8833,0.9973801
8834,1.0
8835,0.99999714
8836,0.9999989
8837,3.1187196e-07
8838,1.0
8839,0.0017491308
8840,9.174151e-06
8841,0.99998415
8842,0.23842405
8843,0.005571217
8844,0.9999999
8845,0.90322864
8846,0.08671692
8847,0.9988952
8848,1.0
8849,0.99998736
8850,1.3162824e-10
8851,0.9757791
8852,1.0
8853,0.99999416
8854,1.0
8855,4.0889762e-07
8856,1.0
8857,0.2940934
8858,0.99999726
8859,1.0
8860,1.0
8861,0.00016880076
8862,0.9999676
8863,1.0
8864,0.9020695
8865,0.48858172
8866,1.0393613e-08
8867,0.00047524375
8868,0.0020153748
8869,0.13556547
8870,0.2522357
8871,0.99954057
8872,0.99977523
8873,0.999962
8874,0.016126093
8875,0.46933046
8876,1.0
8877,0.9999888
8878,1.0
8879,0.9855811
8880,0.7629413
8881,0.99979705
8882,1.0
8883,2.2667068e-09
8884,0.9555269
8885,1.0
8886,0.9793113
8887,1.4320981e-05
8888,0.9692815
8889,0.904698
8890,3.9636626e-07
8891,0.5129618
8892,1.0
8893,0.013526294
8894,0.9995459
8895,1.1853445e-13
8896,1.0
8897,0.9451024
8898,1.0
8899,0.9626328
8900,0.9854231
8901,0.99999917
8902,0.044878308
8903,0.00016691884
8904,1.0
8905,0.7154555
8906,1.0
8907,0.0030446593
8908,0.005938822
8909,3.393245e-06
8910,1.0
8911,0.9685686
8912,1.0
8913,0.9999572
8914,0.18649696
8915,1.0
8916,0.9999956
8917,1.0
8918,0.99994886
8919,1.0
8920,0.0017127986
8921,0.0065150694
8922,0.99753153
8923,5.028864e-07
8924,0.999961
8925,0.993818
8926,1.0
8927,1.0
8928,1.0
8929,1.0
8930,0.17024203
8931,1.0
8932,0.1768856
8933,0.9999964
8934,0.83049226
8935,3.1946406e-18
8936,1.0
8937,0.011725522
8938,1.0
8939,0.99999976
8940,1.0
8941,0.9971365
8942,1.0
8943,0.00087551353
8944,8.870197e-08
8945,3.0835516e-14
8946,1.0
8947,0.5741481
8948,0.9999982
8949,0.0018274714
8950,9.2225866e-10
8951,1.0
8952,1.0
8953,2.9396191e-05
8954,1.0
8955,0.9999995
8956,0.9993523
8957,0.99999976
8958,0.00069408317
8959,0.71144086
8960,1.0
8961,0.9993057
8962,1.0
8963,1.0
8964,1.0
8965,1.0
8966,1.0
8967,5.9776983e-09
8968,1.0
8969,0.99991286
8970,1.0
8971,0.9999782
8972,1.0
8973,3.4275626e-08
8974,1.0
8975,0.9999881
8976,0.99999905
8977,1.0
8978,1.60892e-06
8979,1.0
8980,1.0
8981,1.0
8982,1.0
8983,1.0
8984,0.030617382
8985,8.6473064e-18
8986,1.0
8987,1.0
8988,0.2811248
8989,0.999895
8990,0.99777067
8991,0.9999957
8992,4.9172406e-21
8993,0.008136591
8994,1.9872497e-24
8995,1.0
8996,1.0
8997,0.003349355
8998,1.0
8999,1.0
9000,1.0
9001,4.3140605e-07
9002,1.0
9003,0.99999845
9004,0.99875665
9005,5.5344905e-13
9006,9.497291e-16
9007,0.99999726
9008,1.25504656e-08
9009,0.00094657816
9010,0.99995947
9011,0.07727673
9012,9.671628e-09
9013,1.0
9014,1.0
9015,1.0
9016,1.0
9017,1.0
9018,0.99998105
9019,0.0069607496
9020,1.6843313e-05
9021,0.9161086
9022,1.0
9023,1.0
9024,0.007038542
9025,1.0
9026,0.99999976
9027,1.0
9028,0.99999666
9029,0.99999845
9030,0.81588817
9031,0.9999964
9032,1.0
9033,0.9985709
9034,0.9999832
9035,1.0
9036,0.99923265
9037,1.0
9038,7.0328277e-10
9039,1.0428939e-06
9040,0.96573377
9041,1.0
9042,1.0
9043,0.99408674
9044,1.0
9045,0.99968004
9046,1.0
9047,0.48218432
9048,0.18045224
9049,0.9969332
9050,0.9999989
9051,0.00014654611
9052,2.5183963e-06
9053,1.0
9054,1.0
9055,1.0
9056,0.9999976
9057,0.015243952
9058,0.6561871
9059,0.99475926
9060,1.0
9061,0.9999999
9062,1.0
9063,0.45499662
9064,6.2206997e-12
9065,1.0
9066,1.0
9067,0.99999857
9068,5.705392e-05
9069,0.99999833
9070,1.0
9071,0.0032298786
9072,0.99593556
9073,0.9979038
9074,2.4281346e-06
9075,0.99997437
9076,1.0
9077,0.7350154
9078,5.7472785e-14
9079,0.012211629
9080,0.9999963
9081,2.780086e-07
9082,0.17550054
9083,0.99993
9084,1.0
9085,0.9998853
9086,5.8551774e-05
9087,0.9998832
9088,1.0
9089,1.0
9090,1.0
9091,1.0
9092,1.0
9093,1.0
9094,2.294535e-07
9095,1.0
9096,0.99999356
9097,0.9994874
9098,2.8124437e-15
9099,0.00011488516
9100,0.99999726
9101,1.0
9102,1.0
9103,0.23821498
9104,4.3993e-06
9105,1.0
9106,3.0078421e-05
9107,0.99970716
9108,0.4322408
9109,0.9999987
9110,2.0389506e-18
9111,0.9999999
9112,0.010849374
9113,1.7599485e-08
9114,9.3437717e-07
9115,1.0
9116,1.0
9117,0.9985935
9118,0.9999993
9119,0.3827951
9120,0.999956
9121,0.10947164
9122,1.0
9123,1.0
9124,1.3469197e-05
9125,0.9973677
9126,2.5019838e-06
9127,1.0
9128,1.3510418e-06
9129,0.9999982
9130,0.00096516125
9131,0.9042006
9132,0.09608743
9133,1.0
9134,0.9999999
9135,1.0
9136,0.99999654
9137,0.9994499
9138,8.821841e-08
9139,0.026195195
9140,0.9999999
9141,0.042473238
9142,0.0007652058
9143,0.9996038
9144,1.0
9145,1.0
9146,1.0
9147,0.9999957
9148,1.0
9149,1.0
9150,1.0
9151,1.9387876e-09
9152,1.0
9153,0.9949945
9154,7.633324e-05
9155,0.27553427
9156,0.9993861
9157,0.6721628
9158,0.99999416
9159,0.9997253
9160,1.0
9161,0.99989665
9162,8.5407994e-13
9163,1.0
9164,0.98611546
9165,1.1627529e-05
9166,1.0
9167,0.9997371
9168,0.00228314
9169,1.0
9170,0.9999999
9171,1.0
9172,1.0
9173,1.0
9174,0.38721818
9175,1.0
9176,1.0
9177,3.463464e-08
9178,0.44454497
9179,0.94274294
9180,9.3179744e-07
9181,0.99999976
9182,0.9999982
9183,0.9999999
9184,0.99991596
9185,0.9991592
9186,0.99998975
9187,0.99999595
9188,0.9999902
9189,7.759474e-10
9190,0.9999976
9191,1.0
9192,0.9999945
9193,1.0
9194,1.0
9195,1.0861671e-11
9196,3.4468348e-13
9197,0.03413559
9198,1.0
9199,1.9392989e-08
9200,0.99512595
9201,1.0
9202,1.0
9203,1.0
9204,0.9998995
9205,0.99999964
9206,0.7495865
9207,0.9998791
9208,0.99790406
9209,1.1151331e-09
9210,1.0
9211,1.0
9212,1.0
9213,1.0
9214,0.9999931
9215,0.99659926
9216,0.2901953
9217,0.00046442947
9218,1.0
9219,0.024158234
9220,0.9999039
9221,5.2124713e-05
9222,1.0
9223,1.0
9224,1.0
9225,1.0
9226,0.99410594
9227,1.0
9228,2.397788e-10
9229,0.99999964
9230,1.0
9231,0.99999547
9232,0.00087419443
9233,0.5135383
9234,0.9848776
9235,2.6188098e-13
9236,0.12981175
9237,2.4532449e-06
9238,0.00043247064
9239,1.0
9240,0.082410984
9241,0.9998128
9242,0.9689604
9243,0.13595954
9244,3.325447e-06
9245,1.0
9246,1.0
9247,1.3871619e-05
9248,0.99893576
9249,0.9999411
9250,0.9998436
9251,1.0
9252,1.0
9253,1.0
9254,1.0
9255,0.9999999
9256,0.0002140671
9257,1.0
9258,0.9999466
9259,0.99954176
9260,1.0
9261,1.0
9262,2.0592769e-07
9263,0.9999224
9264,0.9479827
9265,6.0170393e-12
9266,5.7265875e-06
9267,0.99999964
9268,1.0
9269,5.467115e-12
9270,0.8579538
9271,1.0
9272,1.0
9273,1.0
9274,1.0
9275,1.0
9276,1.0
9277,1.0
9278,1.0
9279,1.0
9280,8.342055e-18
9281,0.022219922
9282,0.99966323
9283,1.0
9284,0.9999994
9285,1.0
9286,1.8270921e-23
9287,1.0
9288,1.0
9289,3.099408e-05
9290,0.99999964
9291,1.0
9292,1.0
9293,8.2830416e-11
9294,0.0716923
9295,1.0
9296,0.0003058553
9297,1.0
9298,0.99037
9299,1.0
9300,0.99254096
9301,0.42290214
9302,1.965364e-09
9303,1.0
9304,0.99992764
9305,0.635517
9306,0.984511
9307,1.0
9308,0.97879034
9309,1.0
9310,0.999848
9311,0.03417344
9312,0.3845393
9313,0.9157959
9314,1.0
9315,0.9999101
9316,1.0
9317,1.0
9318,1.0
9319,0.105311304
9320,2.2236944e-14
9321,0.9999999
9322,1.0
9323,1.0
9324,1.0
9325,0.9977729
9326,1.0
9327,1.1055768e-25
9328,0.90323234
9329,0.00023903963
9330,7.195432e-29
9331,1.0
9332,6.487176e-06
9333,0.99995625
9334,0.9993542
9335,1.0
9336,1.0
9337,0.9999999
9338,0.99959916
9339,0.9990465
9340,0.9999999
9341,0.0011338444
9342,0.9999999
9343,4.4855646e-05
9344,0.9999989
9345,1.0
9346,1.0
9347,0.9999999
9348,1.0
9349,0.9999579
9350,0.7452669
9351,0.75589734
9352,0.0880054
9353,0.03734149
9354,0.99621636
9355,0.004070462
9356,0.006067536
9357,1.0
9358,0.9999999
9359,1.1846632e-07
9360,3.492796e-05
9361,0.99959046
9362,0.97068506
9363,1.0
9364,1.0
9365,0.9998338
9366,6.724328e-05
9367,1.0
9368,0.9974329
9369,0.9999988
9370,0.8367342
9371,0.86927724
9372,0.0005587371
9373,0.036565226
9374,0.9999393
9375,6.8351832e-18
9376,0.9730867
9377,0.7093769
9378,1.0
9379,1.9777573e-05
9380,0.9999993
9381,2.067439e-15
9382,1.0
9383,2.191661e-05
9384,1.0
9385,0.83984995
9386,0.21863995
9387,1.0
9388,0.99998915
9389,1.0
9390,0.99996924
9391,1.1083754e-06
9392,1.0
9393,0.99991715
9394,0.9999639
9395,0.9999534
9396,0.9998505
9397,1.0
9398,0.99993217
9399,1.0
9400,0.0057123844
9401,0.9999732
9402,0.008224818
9403,1.0
9404,1.0
9405,0.99989593
9406,0.9999993
9407,0.9999778
9408,1.0
9409,1.0
9410,1.0
9411,0.9994773
9412,1.0
9413,0.14916839
9414,0.9849963
9415,1.0
9416,0.05439007
9417,1.0
9418,0.99688333
9419,0.9872737
9420,1.0
9421,0.5120712
9422,0.9853924
9423,1.0
9424,0.9999995
9425,0.9280837
9426,0.99999523
9427,0.9999999
9428,0.9999964
9429,0.9997224
9430,0.7842421
9431,0.99992085
9432,1.0
9433,0.999848
9434,0.9824228
9435,0.99940014
9436,0.9980413
9437,1.18833846e-07
9438,5.7249167e-06
9439,0.9968298
9440,3.7605056e-05
9441,0.99963033
9442,0.9999027
9443,1.0
9444,0.09348721
9445,0.77375805
9446,0.9999988
9447,1.0
9448,0.61992216
9449,0.99999785
9450,0.99999917
9451,0.005611579
9452,0.9998988
9453,0.5628916
9454,0.9996574
9455,0.99995923
9456,0.9984024
9457,0.93070644
9458,1.0
9459,0.997811
9460,0.19202065
9461,0.99996257
9462,1.0
9463,2.7521388e-08
9464,0.9999995
9465,1.0
9466,1.0
9467,1.0
9468,0.22398947
9469,0.9999999
9470,0.24194202
9471,0.9999542
9472,0.5146454
9473,0.9999999
9474,0.9999713
9475,1.0
9476,1.0
9477,1.0
9478,0.9779825
9479,1.0
9480,1.0
9481,1.0
9482,7.96566e-05
9483,1.0
9484,0.069031745
9485,0.9997435
9486,0.999944
9487,1.0
9488,0.99999845
9489,8.247036e-06
9490,0.99772066
9491,0.0149431545
9492,0.9999572
9493,5.3270766e-10
9494,1.0
9495,4.0973828e-06
9496,1.0
9497,0.99992085
9498,0.07411346
9499,1.0
9500,8.860776e-05
9501,0.81795675
9502,0.9681786
9503,1.0
9504,3.7159183e-15
9505,0.025146771
9506,1.0
9507,0.9999095
9508,0.9900455
9509,0.99999857
9510,0.9998573
9511,0.9933942
9512,0.9998512
9513,1.0
9514,0.9999901
9515,1.0
9516,1.9318863e-07
9517,0.9970554
9518,0.9996165
9519,1.759935e-23
9520,1.0
9521,4.9707665e-09
9522,3.774273e-06
9523,8.540952e-05
9524,1.0
9525,2.69875e-18
9526,4.2373172e-10
9527,0.999998
9528,0.9998385
9529,6.601796e-05
9530,0.00461529
9531,0.786578
9532,0.9999677
9533,1.0
9534,1.0
9535,0.8678228
9536,0.0026058732
9537,0.999995
9538,0.9999999
9539,1.0
9540,0.982546
9541,0.8361131
9542,0.23378699
9543,1.0
9544,0.0003630307
9545,0.0047375783
9546,0.99988544
9547,1.0
9548,0.57047975
9549,1.0
9550,0.997815
9551,1.0
9552,0.008297269
9553,0.9997477
9554,8.608653e-06
9555,0.99687505
9556,0.12378207
9557,0.0003614737
9558,0.637261
9559,0.99998033
9560,6.9296257e-06
9561,4.139758e-11
9562,1.0
9563,0.9999993
9564,0.0010418559
9565,0.38704395
9566,1.0
9567,1.0
9568,0.9999223
9569,8.101111e-06
9570,1.0
9571,0.99999034
9572,0.0056115156
9573,4.8594284e-08
9574,1.0
9575,1.0
9576,0.9987429
9577,1.0
9578,0.00025217448
9579,1.0
9580,1.0
9581,0.9999919
9582,1.0
9583,1.0
9584,1.2936034e-10
9585,0.97636557
9586,0.9995939
9587,0.0032492806
9588,0.004385113
9589,1.0
9590,0.8265144
9591,1.2902509e-08
9592,0.15756854
9593,1.0
9594,0.4139596
9595,0.99988985
9596,0.14509761
9597,0.99999595
9598,0.08027589
9599,1.0
9600,0.981372
9601,1.0
9602,0.9999989
9603,1.0
9604,1.0
9605,0.9996057
9606,1.1067335e-09
9607,0.9999999
9608,0.99999475
9609,0.99995613
9610,1.0
9611,0.9999999
9612,0.99998295
9613,6.7518224e-16
9614,6.9660255e-13
9615,1.0
9616,0.0002216538
9617,1.0
9618,0.006868346
9619,1.0
9620,2.8767707e-05
9621,0.030482853
9622,1.0
9623,1.0
9624,1.0
9625,1.0
9626,0.9646988
9627,0.99999976
9628,1.0
9629,0.00019624401
9630,0.99994826
9631,1.0
9632,0.9999846
9633,4.2240117e-07
9634,0.99999225
9635,0.058580916
9636,0.9999999
9637,0.9999776
9638,1.419615e-11
9639,1.0
9640,3.014904e-07
9641,0.051967375
9642,0.95114523
9643,0.15518446
9644,0.9997725
9645,0.044877082
9646,0.97055906
9647,0.05315466
9648,0.9999999
9649,7.606356e-11
9650,0.99996257
9651,1.0
9652,0.9999988
9653,1.12616805e-10
9654,1.01261985e-11
9655,1.0
9656,0.99612445
9657,1.0
9658,0.1121719
9659,0.9991228
9660,0.99499255
9661,0.99985707
9662,1.0
9663,1.0
9664,1.0
9665,1.0
9666,1.0
9667,3.0434433e-11
9668,1.0
9669,1.0
9670,1.0
9671,1.0
9672,1.0
9673,7.228822e-06
9674,0.9999989
9675,0.9869884
9676,0.999803
9677,1.0
9678,6.4241914e-07
9679,1.0
9680,0.002184445
9681,3.666387e-06
9682,1.0
9683,1.0
9684,1.0
9685,0.9999926
9686,1.0
9687,1.0
9688,0.99986327
9689,1.2489698e-18
9690,2.3629154e-05
9691,1.0
9692,1.0
9693,0.21158575
9694,0.26482376
9695,0.1167062
9696,1.0
9697,1.0
9698,0.9952437
9699,0.24858977
9700,0.9998648
9701,0.800239
9702,1.0
9703,0.9999993
9704,1.0
9705,0.09095596
9706,0.99768996
9707,0.99995506
9708,1.0
9709,1.0
9710,0.9990677
9711,0.19270961
9712,1.0
9713,2.272426e-05
9714,0.99956304
9715,1.0
9716,0.99856144
9717,7.253528e-10
9718,0.9996642
9719,0.07096205
9720,1.0
9721,1.482169e-12
9722,1.0
9723,0.0032426484
9724,1.0
9725,1.0
9726,0.9999237
9727,1.0
9728,1.0
9729,0.9999999
9730,1.0
9731,0.0019675207
9732,0.00032390954
9733,0.99873596
9734,0.016140776
9735,0.0002316228
9736,1.0
9737,5.154485e-06
9738,0.9999999
9739,0.13238569
9740,0.9992156
9741,0.99978024
9742,1.0
9743,1.0
9744,1.0
9745,0.19863707
9746,0.00020940654
9747,0.9999981
9748,0.99999845
9749,1.0
9750,1.8757718e-16
9751,1.0
9752,0.99999845
9753,0.9999988
9754,1.0
9755,0.25328285
9756,0.9999813
9757,1.0
9758,1.6379079e-07
9759,1.0
9760,1.0
9761,0.9938882
9762,0.99993837
9763,0.91126865
9764,0.999111
9765,1.0
9766,2.4786132e-08
9767,1.0
9768,0.9846676
9769,0.9952774
9770,0.9998342
9771,5.9913697e-07
9772,5.7909638e-06
9773,0.5027137
9774,0.056617927
9775,0.9999957
9776,0.99240667
9777,1.0
9778,0.9999981
9779,0.98561054
9780,0.9999707
9781,1.0
9782,3.3779535e-11
9783,0.9994838
9784,0.8058065
9785,1.3252898e-12
9786,2.7330442e-09
9787,1.0
9788,1.0
9789,0.9999069
9790,0.91227037
9791,1.0
9792,1.0
9793,1.0
9794,0.99999976
9795,0.32009763
9796,4.8999385e-07
9797,0.99999964
9798,3.1739095e-08
9799,8.1685764e-14
9800,1.0
9801,1.0
9802,1.0
9803,0.9999449
9804,5.0120107e-05
9805,0.9258903
9806,0.99997795
9807,0.9998116
9808,0.91370463
9809,0.9999777
9810,4.166304e-05
9811,0.0048322524
9812,4.1814852e-14
9813,0.13530777
9814,0.9884744
9815,0.00034531674
9816,0.98377997
9817,0.99992967
9818,0.9999994
9819,6.9169375e-19
9820,1.0
9821,0.0034618273
9822,1.0
9823,0.99943465
9824,0.99626726
9825,3.461463e-08
9826,0.9999925
9827,1.0
9828,0.11771899
9829,1.0
9830,1.3268618e-10
9831,1.0
9832,0.02412083
9833,3.9050374e-07
9834,0.99999976
9835,1.0
9836,1.0
9837,5.272088e-29
9838,0.0010631239
9839,1.0
9840,0.00071266334
9841,7.899838e-09
9842,0.9990901
9843,0.99999976
9844,1.0
9845,1.0
9846,1.0
9847,0.99992204
9848,1.0
9849,1.0
9850,1.0
9851,0.99944824
9852,0.24760471
9853,0.9999999
9854,0.45285872
9855,0.99999857
9856,0.5315067
9857,0.99254465
9858,0.001743963
9859,0.03981445
9860,0.5797527
9861,0.8719646
9862,1.0
9863,1.0
9864,0.9999999
9865,1.0
9866,1.0
9867,1.0
9868,0.9582369
9869,1.0
9870,0.9999999
9871,0.9990489
9872,0.9999999
9873,8.919199e-06
9874,0.9990075
9875,1.0
9876,1.0
9877,0.9961118
9878,0.871127
9879,1.0
9880,0.9998312
9881,0.00076998054
9882,0.9999999
9883,0.998553
9884,1.0
9885,1.1349099e-06
9886,0.9999999
9887,0.99903774
9888,0.76671827
9889,1.0
9890,0.9999999
9891,1.0
9892,0.00043234538
9893,1.0
9894,1.0
9895,0.9999987
9896,0.58041686
9897,1.0
9898,0.99558604
9899,1.0
9900,1.0
9901,0.9999523
9902,0.99433726
9903,1.0
9904,0.9156957
9905,5.5882677e-14
9906,1.4525417e-13
9907,1.0
9908,1.0
9909,0.9999963
9910,0.9907162
9911,6.928193e-05
9912,0.069257826
9913,0.0026375768
9914,0.99999964
9915,1.0
9916,0.9998932
9917,0.9999993
9918,0.057441752
9919,1.6025411e-05
9920,0.9999553
9921,1.6349185e-10
9922,0.40632227
9923,0.99992406
9924,0.22646777
9925,0.99999654
9926,0.9978321
9927,0.999539
9928,0.0007997364
9929,0.9911259
9930,0.028387066
9931,1.0
9932,0.99997663
9933,0.0080026155
9934,1.326554e-05
9935,1.0
9936,0.9999943
9937,1.7401965e-13
9938,1.3759896e-20
9939,1.0
9940,1.0
9941,0.9999665
9942,1.0
9943,1.0
9944,0.9921057
9945,0.00043010627
9946,1.0
9947,0.99999225
9948,1.0
9949,1.0
9950,1.0
9951,1.0
9952,1.0
9953,1.0
9954,1.0
9955,1.0
9956,0.9917032
9957,1.0
9958,0.99972945
9959,1.0
9960,0.00042573136
9961,0.9999999
9962,0.9981875
9963,1.280861e-10
9964,1.5700118e-05
9965,0.99999976
9966,0.9999951
9967,0.99533147
9968,0.04952021
9969,1.0
9970,0.8997782
9971,1.0
9972,0.99937385
9973,1.0
9974,9.801455e-13
9975,1.0
9976,1.7833707e-05
9977,0.9999987
9978,0.33448297
9979,0.00024327531
9980,0.00042454913
9981,1.0
9982,1.0
9983,1.0
9984,0.003558672
9985,0.0023400558
9986,9.3304616e-14
9987,1.0
9988,0.9994516
9989,1.0
9990,0.9999901
9991,4.131823e-18
9992,0.99825746
9993,0.9999925
9994,0.99807274
9995,1.0
9996,1.0
9997,1.9225295e-13
9998,0.03470442
9999,0.00073333766
10000,5.3340163e-19
10001,1.0
10002,0.999979
10003,1.0
10004,1.5480175e-08
10005,0.8473622
10006,4.2769835e-13
10007,0.07337051
10008,6.671486e-05
10009,0.99999094
10010,1.0
10011,0.99993
10012,1.0
10013,0.9999969
10014,0.0026168048
10015,0.9999999
10016,0.9999976
10017,0.005144841
10018,0.054710735
10019,1.0
10020,1.0
10021,0.12660769
10022,1.0
10023,1.0
10024,0.99374723
10025,0.9999951
10026,0.99990916
10027,0.99228644
10028,2.2422968e-05
10029,2.7058333e-05
10030,0.42204562
10031,1.0
10032,0.027300715
10033,3.75446e-07
10034,1.0
10035,0.69830674
10036,0.7495865
10037,1.2882023e-06
10038,0.9999652
10039,1.0
10040,0.053462226
10041,1.0
10042,0.32140383
10043,1.31504385e-05
10044,1.0
10045,1.5798072e-05
10046,1.0
10047,1.0
10048,1.3187872e-07
10049,1.0
10050,2.625043e-05
10051,0.9999995
10052,1.0
10053,0.99999964
10054,0.87865925
10055,1.0
10056,1.0
10057,4.1632614e-10
10058,0.4939814
10059,0.9999019
10060,1.6505596e-14
10061,1.0
10062,0.99999917
10063,1.2925466e-08
10064,1.0
10065,0.9882784
10066,1.0
10067,0.99999917
10068,1.9306647e-06
10069,4.825748e-07
10070,1.0
10071,0.033953067
10072,1.0
10073,1.0
10074,0.9999988
10075,0.99976176
10076,1.0
10077,1.0
10078,0.021121386
10079,0.002245719
10080,0.13689938
10081,5.0004528e-05
10082,1.0
10083,1.0
10084,0.05917191
10085,0.99997795
10086,1.4339784e-07
10087,1.0
10088,1.0
10089,1.0
10090,4.1906906e-06
10091,2.2898485e-11
10092,0.0052235634
10093,2.300998e-16
10094,8.394592e-07
10095,0.9999993
10096,0.00783666
10097,1.0
10098,0.062904604
10099,1.0
10100,1.0
10101,9.414921e-12
10102,1.0
10103,1.0
10104,0.99999833
10105,0.9999994
10106,0.9999994
10107,0.0007106748
10108,0.00014126337
10109,0.060254954
10110,0.99999464
10111,1.9065497e-07
10112,0.9999999
10113,0.99999714
10114,0.99999976
10115,0.10082043
10116,0.99985075
10117,1.0
10118,0.00051866274
10119,0.9999958
10120,0.4089812
10121,0.022571722
10122,1.0
10123,0.99999833
10124,1.0
10125,0.96629447
10126,0.99998724
10127,0.8849413
10128,1.0
10129,7.2121593e-06
10130,0.010738789
10131,0.9260869
10132,1.0
10133,0.9999995
10134,1.5249556e-25
10135,1.0
10136,1.0
10137,0.99991095
10138,0.9837194
10139,1.0
10140,1.0
10141,1.0
10142,0.44793192
10143,1.0
10144,0.48626533
10145,1.0
10146,1.0
10147,1.0
10148,1.0
10149,1.0
10150,0.0017507684
10151,1.0
10152,1.0
10153,0.0017259249
10154,5.597987e-10
10155,0.9999958
10156,0.9999361
10157,1.0
10158,1.0
10159,0.96586853
10160,0.9999701
10161,0.9999944
10162,9.744314e-05
10163,0.9996158
10164,0.058076166
10165,0.9263258
10166,8.194029e-10
10167,1.2969862e-09
10168,0.93864787
10169,0.999998
10170,0.88552344
10171,0.99960417
10172,0.35281304
10173,1.0
10174,0.99974734
10175,0.84129155
10176,1.0
10177,1.0
10178,1.0
10179,0.001580825
10180,1.0
10181,0.9955603
10182,1.0
10183,0.9999989
10184,1.0
10185,1.0
10186,0.9790741
10187,0.0006417236
10188,1.0
10189,0.9261071
10190,0.9994191
10191,0.9501473
10192,4.6838257e-05
10193,1.0
10194,0.99911493
10195,1.983663e-13
10196,1.0
10197,0.9999974
10198,0.9999999
10199,1.0
10200,1.0
10201,1.0
10202,1.0
10203,0.99990225
10204,1.0
10205,2.687891e-25
10206,1.0
10207,0.999041
10208,0.13804503
10209,1.0
10210,1.0
10211,1.2813487e-05
10212,0.0078832265
10213,0.9999999
10214,0.99988544
10215,1.0
10216,0.0444171
10217,1.0
10218,3.1216476e-07
10219,0.9999999
10220,1.0
10221,1.6367348e-21
10222,0.9989976
10223,2.5597228e-05
10224,0.00010253512
10225,9.037635e-05
10226,1.0
10227,0.0061364635
10228,0.9999995
10229,0.99998605
10230,1.0
10231,1.0
10232,2.1926821e-08
10233,0.23072354
10234,3.320493e-19
10235,0.00014040378
10236,1.0
10237,0.9999906
10238,1.3520429e-15
10239,0.999329
10240,1.0
10241,1.0
10242,0.9999143
10243,0.9914854
10244,0.9999969
10245,8.727196e-09
10246,1.0
10247,0.1366957
10248,0.054700725
10249,1.0
10250,0.3007145
10251,1.0
10252,4.9083905e-05
10253,1.0
10254,8.0964526e-24
10255,0.10834162
10256,6.4678556e-05
10257,8.058934e-05
10258,0.99999833
10259,0.15308505
10260,0.99999356
10261,0.99999917
10262,2.2631058e-07
10263,2.3086493e-06
10264,0.8478096
10265,1.0
10266,0.9999738
10267,0.97547185
10268,0.99991286
10269,1.0
10270,0.0001259889
10271,1.0
10272,0.9999988
10273,0.10821223
10274,0.9999999
10275,1.0
10276,0.16621073
10277,1.0
10278,0.0016463803
10279,1.0
10280,0.999984
10281,0.99323636
10282,0.9999654
10283,0.31031117
10284,0.9982864
10285,1.0
10286,1.0
10287,0.20523676
10288,1.0
10289,3.8347654e-12
10290,9.9030615e-09
10291,0.9821368
10292,1.0
10293,1.0
10294,1.0
10295,0.9999963
10296,0.019336421
10297,0.3029625
10298,0.9999869
10299,0.9999932
10300,0.99997115
10301,0.99943346
10302,1.0
10303,0.9816405
10304,6.0726e-12
10305,0.99554104
10306,1.0
10307,1.0
10308,0.9999962
10309,0.9999999
10310,1.0
10311,0.9999993
10312,0.9999999
10313,0.5912726
10314,0.99991536
10315,1.2687359e-07
10316,6.442955e-05
10317,1.0
10318,1.9958088e-19
10319,0.9791694
10320,0.118659586
10321,0.0002543142
10322,0.006469375
10323,1.0
10324,0.9999999
10325,1.0
10326,0.49954557
10327,1.0
10328,0.99924797
10329,9.206207e-05
10330,1.0
10331,0.99999917
10332,1.0
10333,0.9973024
10334,0.99999106
10335,0.9999999
10336,7.0412952e-06
10337,0.002364173
10338,0.9999999
10339,1.0
10340,4.557163e-05
10341,1.0
10342,1.0
10343,0.9999943
10344,0.18359184
10345,1.0
10346,0.91314703
10347,2.4888805e-11
10348,1.7631059e-09
10349,1.0
10350,0.99999297
10351,0.64556956
10352,0.9999503
10353,1.0
10354,0.9999814
10355,0.08446587
10356,1.0
10357,0.0011471087
10358,1.0
10359,0.9999275
10360,0.9673157
10361,0.0003034313
10362,4.716037e-10
10363,1.0
10364,0.113390386
10365,1.0
10366,0.24010178
10367,1.0
10368,0.8636706
10369,9.810924e-06
10370,1.0
10371,0.0010880552
10372,3.035087e-09
10373,4.0417875e-14
10374,0.9355954
10375,1.0
10376,0.99999976
10377,0.9998448
10378,0.9999999
10379,0.0012458944
10380,0.0319494
10381,0.99997973
10382,0.99761957
10383,1.0
10384,0.9723762
10385,0.032657582
10386,1.0
10387,0.9984927
10388,1.0
10389,0.99999905
10390,0.00019625392
10391,0.78312004
10392,0.99825805
10393,0.9999987
10394,1.0
10395,1.0
10396,1.0
10397,0.9999958
10398,0.9099189
10399,1.6253026e-07
10400,0.99332196
10401,1.921896e-16
10402,1.0
10403,0.97622365
10404,1.0
10405,0.00018865152
10406,0.9752542
10407,0.81629425
10408,1.0
10409,0.9999988
10410,0.9999528
10411,1.0
10412,1.0
10413,1.0
10414,0.9967859
10415,0.109384246
10416,1.0
10417,1.0
10418,8.894176e-14
10419,0.9999937
10420,0.9638755
10421,1.3166788e-22
10422,0.002664063
10423,0.0016411351
10424,0.0005303662
10425,0.9998474
10426,0.9890655
10427,7.0760895e-09
10428,0.9999877
10429,0.18287657
10430,0.9928767
10431,0.999188
10432,0.49149117
10433,1.0
10434,0.99999857
10435,5.3427294e-09
10436,1.0
10437,1.0
10438,0.0003746388
10439,1.0
10440,1.0
10441,0.0028148391
10442,0.9486729
10443,1.0
10444,0.00040478603
10445,6.559474e-07
10446,0.99904114
10447,4.9825053e-06
10448,1.8260437e-08
10449,0.044027932
10450,0.99999964
10451,1.1754082e-26
10452,8.978879e-07
10453,4.7224507e-06
10454,0.89020044
10455,0.98735076
10456,1.80163e-11
10457,0.8745709
10458,1.0
10459,0.77410656
10460,0.9999993
10461,1.0
10462,6.6440975e-10
10463,0.0052605877
10464,0.09405112
10465,1.0
10466,2.6061e-12
10467,7.586482e-06
10468,0.6001522
10469,7.7407367e-07
10470,1.0
10471,3.2535246e-07
10472,0.9999939
10473,0.00054046087
10474,1.0
10475,0.033432767
10476,0.999998
10477,1.0
10478,0.976717
10479,0.96545935
10480,1.0
10481,1.0
10482,8.700411e-11
10483,1.0
10484,0.011243686
10485,1.0
10486,1.0
10487,0.99999857
10488,1.0
10489,0.9999963
10490,0.99999774
10491,1.0
10492,1.0
10493,0.8889574
10494,0.0071244943
10495,7.2612573e-07
10496,1.0
10497,3.8876613e-05
10498,0.99974173
10499,1.0
10500,0.004094114
10501,5.6009934e-08
10502,0.99983406
10503,1.0
10504,0.9999721
10505,1.0496295e-07
10506,0.9999974
10507,1.0
10508,0.9892568
10509,0.9974438
10510,1.1227075e-06
10511,0.32696235
10512,0.9733107
10513,0.9999987
10514,1.0
10515,1.1080082e-07
10516,0.78508514
10517,1.0
10518,0.99999964
10519,1.0
10520,0.0114278635
10521,1.0
10522,9.755941e-06
10523,5.1919033e-05
10524,0.009054811
10525,0.77025324
10526,0.9999976
10527,1.0
10528,0.99987006
10529,0.004414825
10530,0.99954104
10531,0.97366685
10532,8.160299e-16
10533,1.0
10534,4.3967128e-05
10535,1.7280826e-11
10536,1.0
10537,0.99979085
10538,0.8105492
10539,1.0
10540,1.0
10541,1.0
10542,1.0
10543,0.99887866
10544,0.5996752
10545,0.99928445
10546,1.0
10547,0.94065195
10548,0.99999976
10549,0.9999156
10550,0.9892096
10551,1.0
10552,0.30784443
10553,0.99999964
10554,0.0015382731
10555,1.539622e-05
10556,0.03166143
10557,0.95092505
10558,1.0
10559,0.17577519
10560,0.99998224
10561,0.9995654
10562,0.99980253
10563,1.0
10564,0.99999976
10565,1.0
10566,0.9999989
10567,0.9999994
10568,0.3301147
10569,0.9755457
10570,0.0002317001
10571,1.0
10572,1.0
10573,9.223708e-11
10574,1.0
10575,1.0
10576,0.014231928
10577,1.0
10578,0.9999858
10579,0.999998
10580,1.0
10581,0.9999862
10582,0.7319528
10583,0.9999707
10584,1.0
10585,0.010833318
10586,0.99999
10587,1.0
10588,0.21215186
10589,1.0
10590,1.0
10591,0.9919586
10592,1.0
10593,0.9992054
10594,0.98555017
10595,1.0
10596,1.0
10597,1.0
10598,1.0
10599,0.99999917
10600,1.0
10601,0.016197728
10602,0.13889979
10603,0.97953516
10604,0.18489337
10605,1.2115722e-06
10606,0.9999839
10607,0.00017481332
10608,1.0
10609,0.5572162
10610,0.9999981
10611,1.0
10612,0.9912505
10613,1.0
10614,0.8826475
10615,0.9999782
10616,0.00028564836
10617,0.89897025
10618,0.9999999
10619,0.4874217
10620,1.0
10621,1.0
10622,0.0007879433
10623,0.7959762
10624,4.0456413e-07
10625,3.541321e-05
10626,1.0
10627,1.0
10628,1.0
10629,0.95174485
10630,0.46072146
10631,1.0
10632,1.0
10633,0.9999907
10634,0.9999974
10635,1.0
10636,0.9794541
10637,1.0
10638,0.00601154
10639,0.74649066
10640,1.0
10641,5.439695e-09
10642,1.0
10643,1.0
10644,5.783059e-14
10645,3.2961994e-11
10646,0.9986206
10647,0.99999917
10648,0.9999999
10649,0.99998856
10650,2.0999978e-06
10651,0.99997747
10652,1.0
10653,1.0
10654,1.0
10655,0.99577385
10656,4.0824608e-07
10657,0.0014940347
10658,1.0
10659,1.0
10660,1.0
10661,0.9938997
10662,1.0
10663,0.99999976
10664,0.99999976
10665,0.12743238
10666,1.0
10667,0.9999995
10668,0.999876
10669,0.42054662
10670,0.98594713
10671,0.120387696
10672,1.2206074e-07
10673,0.00043594252
10674,0.003660949
10675,1.0
10676,0.99999917
10677,1.0
10678,0.039218463
10679,0.7206845
10680,2.1513897e-05
10681,0.99999917
10682,1.0
10683,0.99366647
10684,1.0
10685,1.0
10686,1.0
10687,1.9112715e-06
10688,0.9999889
10689,0.9999999
10690,0.9996113
10691,1.01897484e-07
10692,0.9342062
10693,1.0
10694,1.0
10695,0.50055873
10696,0.032110423
10697,0.99999714
10698,0.999998
10699,0.99999976
10700,0.999979
10701,1.0
10702,1.0
10703,8.421813e-11
10704,1.0
10705,1.0
10706,1.0
10707,1.18318e-14
10708,0.013055244
10709,1.0
10710,1.0
10711,1.0
10712,0.9999708
10713,1.0
10714,0.9999999
10715,0.02936356
10716,2.0378349e-14
10717,0.88394016
10718,0.0032350158
10719,0.19357985
10720,1.0
10721,1.0
10722,0.9481188
10723,1.0
10724,1.0
10725,0.9999372
10726,0.99996436
10727,1.0
10728,1.0
10729,1.0
10730,0.5834878
10731,0.762263
10732,0.41358006
10733,0.99999404
10734,0.9999988
10735,0.9601298
10736,4.9968994e-06
10737,0.9929188
10738,1.0
10739,1.0
10740,0.95542306
10741,0.9996978
10742,0.9989021
10743,1.0
10744,1.0
10745,0.9998859
10746,0.99998033
10747,1.0
10748,1.0
10749,1.0
10750,0.0016159745
10751,0.31246546
10752,3.025693e-06
10753,0.79502136
10754,0.99625045
10755,1.4129738e-07
10756,0.00012600067
10757,0.9999999
10758,0.99822336
10759,0.88143563
10760,9.246803e-05
10761,2.846134e-11
10762,0.9987993
10763,0.91058147
10764,1.0
10765,0.9999976
10766,1.0
10767,1.0
10768,1.0
10769,0.90958554
10770,0.051483065
10771,0.69486004
10772,0.00023590247
10773,6.987067e-08
10774,1.0
10775,0.99711907
10776,0.9984578
10777,0.99998343
10778,1.0
10779,1.329606e-13
10780,0.029253595
10781,1.0
10782,1.0
10783,0.99999595
10784,2.5150435e-09
10785,0.95093584
10786,0.00031198998
10787,0.99999654
10788,2.8229236e-15
10789,0.9999999
10790,0.05572483
10791,1.0
10792,0.8489764
10793,1.0
10794,0.99986386
10795,0.99999833
10796,0.91668326
10797,0.9999999
10798,0.13454981
10799,1.0
10800,1.0
10801,0.9998233
10802,2.3431089e-07
10803,0.99999654
10804,0.9999976
10805,0.0026691596
10806,0.99999714
10807,0.016691597
10808,1.0
10809,7.838902e-06
10810,0.10858282
10811,1.9248651e-11
10812,1.0
10813,0.9999541
10814,1.0
10815,1.0
10816,0.9999864
10817,1.0
10818,6.5558003e-11
10819,1.0
10820,1.0
10821,0.99981195
10822,1.0
10823,0.0012426008
10824,1.0
10825,0.9999832
10826,0.94547373
10827,2.232724e-08
10828,0.8862117
10829,6.59773e-09
10830,0.020944988
10831,1.9839079e-05
10832,0.054636702
10833,5.503503e-07
10834,0.9994492
10835,6.576103e-05
10836,0.999169
10837,1.0
10838,2.2417667e-05
10839,0.999997
10840,9.77169e-05
10841,0.097180516
10842,0.0072551705
10843,0.83033526
10844,0.9999981
10845,0.99793625
10846,0.9999999
10847,1.0
10848,0.99967194
10849,1.0
10850,0.16317974
10851,1.0
10852,6.243266e-07
10853,1.0
10854,1.0
10855,0.9997719
10856,1.0
10857,1.420982e-06
10858,2.0614592e-10
10859,1.0
10860,0.0011503176
10861,1.0
10862,1.0
10863,1.0
10864,0.9999999
10865,1.0
10866,0.9999949
10867,1.0
10868,0.99992454
10869,1.0
10870,1.0
10871,1.0
10872,1.0
10873,0.9999974
10874,1.0
10875,1.0
10876,5.83761e-05
10877,0.9974566
10878,0.99999976
10879,1.0
10880,1.0
10881,0.92739576
10882,1.8407677e-32
10883,1.3762853e-10
10884,1.0
10885,0.00040246913
10886,0.0062154992
10887,1.0
10888,0.010101895
10889,0.9999019
10890,0.99999964
10891,0.011083622
10892,1.0
10893,0.99999547
10894,1.0
10895,0.84151226
10896,1.0
10897,1.0
10898,1.0
10899,0.9984433
10900,0.00018529463
10901,1.0
10902,0.9999932
10903,1.0
10904,0.9602483
10905,1.0
10906,0.99999654
10907,0.35682258
10908,1.0
10909,0.9809682
10910,0.0007726259
10911,0.9999981
10912,1.0
10913,1.0
10914,0.014132303
10915,0.00040006134
10916,1.0
10917,0.9999727
10918,3.424925e-14
10919,9.218035e-06
10920,1.0023341e-14
10921,0.99999416
10922,0.99968815
10923,0.019779166
10924,0.00027964142
10925,1.0
10926,4.0562677e-06
10927,0.0024662567
10928,1.0
10929,0.9994437
10930,1.0
10931,0.9999999
10932,0.995583
10933,1.0
10934,1.0
10935,9.055699e-07
10936,1.0257297e-18
10937,0.63548416
10938,0.99999166
10939,1.0
10940,1.0
10941,2.080915e-06
10942,0.014342684
10943,4.211705e-06
10944,1.0
10945,1.0
10946,1.0
10947,1.8143102e-05
10948,1.0
10949,0.9990409
10950,2.1267304e-06
10951,4.0336168e-10
10952,0.004187756
10953,1.0
10954,1.0
10955,0.0368364
10956,1.0
10957,0.92510235
10958,1.0
10959,1.511703e-11
10960,7.577103e-08
10961,1.0
10962,1.7812296e-06
10963,0.9999999
10964,4.6647547e-06
10965,1.0
10966,1.0
10967,1.0
10968,1.0
10969,0.9318649
10970,0.9997147
10971,0.9731007
10972,1.0
10973,0.99999964
10974,0.99999976
10975,1.0
10976,0.99999416
10977,0.9995691
10978,0.98991954
10979,1.0
10980,0.99979883
10981,1.3087184e-05
10982,0.9985973
10983,0.9999908
10984,0.99999917
10985,1.009348e-14
10986,0.9917713
10987,1.0
10988,1.0
10989,8.484631e-05
10990,0.9999999
10991,6.8885346e-09
10992,0.7795599
10993,0.09149591
10994,7.514807e-09
10995,1.6442604e-13
10996,0.33883366
10997,7.31795e-14
10998,0.0003639705
10999,0.9995952
11000,1.0
11001,4.064664e-05
11002,0.9542372
11003,0.97608304
11004,0.049988538
11005,0.8115676
11006,1.0
11007,1.0
11008,0.0017526494
11009,1.0
11010,1.0
11011,0.00024079919
11012,1.0
11013,1.8549294e-09
11014,1.0
11015,0.9999999
11016,0.12473141
11017,1.0
11018,0.9996363
11019,0.9999993
11020,0.08537775
11021,1.0
11022,4.8453974e-05
11023,0.9999999
11024,1.0
11025,0.8348424
11026,1.0
11027,0.9999683
11028,0.9976057
11029,0.6014739
11030,1.4799106e-10
11031,0.00016930191
11032,0.37251186
11033,0.999954
11034,0.9998915
11035,1.0
11036,0.9988802
11037,0.9801686
11038,0.7400669
11039,1.0
11040,0.99999976
11041,1.0
11042,0.015616556
11043,0.79248506
11044,1.0
11045,0.9685191
11046,0.9999993
11047,1.0
11048,1.4268797e-05
11049,1.0
11050,1.0
11051,0.99543613
11052,1.0
11053,0.9993881
11054,0.99711823
11055,1.0
11056,1.0
11057,1.0
11058,1.0
11059,0.0001074859
11060,0.9999993
11061,1.0
11062,0.5066751
11063,0.99999297
11064,1.0
11065,0.9999863
11066,0.0031377114
11067,7.762241e-14
11068,0.974923
11069,0.012628082
11070,8.8411106e-08
11071,0.99999845
11072,0.37554362
11073,0.87378746
11074,1.0
11075,0.887136
11076,1.3577713e-06
11077,1.0
11078,5.240733e-08
11079,1.0370896e-31
11080,1.0
11081,3.169779e-05
11082,0.9999455
11083,1.0
11084,1.0
11085,0.99999976
11086,0.0152714215
11087,5.512423e-07
11088,2.7374385e-08
11089,0.50160724
11090,1.0
11091,1.0
11092,0.99999976
11093,0.99923396
11094,1.0
11095,0.8144702
11096,6.109747e-06
11097,0.94476837
11098,0.03247483
11099,0.8383362
11100,0.9999993
11101,1.0
11102,3.0559528e-05
11103,0.9922956
11104,0.99999905
11105,0.9999713
11106,0.001453174
11107,0.00032890236
11108,0.032310084
11109,1.0
11110,0.99774534
11111,1.0939722e-07
11112,0.9993901
11113,2.8023499e-06
11114,1.8762451e-07
11115,0.99999
11116,0.9999958
11117,1.0
11118,0.9999771
11119,3.6861315e-05
11120,1.8328432e-05
11121,0.99883944
11122,0.0013431752
11123,1.0
11124,0.99999976
11125,0.9999999
11126,0.99237716
11127,1.0
11128,0.9999989
11129,0.00010210718
11130,1.0
11131,0.9999987
11132,7.6369315e-06
11133,1.0
11134,0.9998363
11135,3.9337956e-06
11136,0.00070284825
11137,1.0
11138,0.50299126
11139,1.0
11140,2.7646352e-11
11141,1.0
11142,0.9999379
11143,1.0
11144,0.9971085
11145,1.0
11146,1.0
11147,1.0
11148,5.975984e-06
11149,1.0
11150,0.9999981
11151,1.0
11152,1.0
11153,1.8479444e-09
11154,0.08009758
11155,0.011167505
11156,0.19573385
11157,1.0947938e-20
11158,0.0062481835
11159,0.9999999
11160,1.0
11161,1.0
11162,0.8073471
11163,0.9999647
11164,1.1918371e-05
11165,1.0
11166,0.99999964
11167,1.0
11168,1.7679522e-12
11169,0.9999999
11170,0.9999976
11171,4.9656686e-05
11172,1.8156873e-06
11173,0.99999976
11174,8.6946954e-13
11175,6.3699204e-08
11176,1.0
11177,0.069978856
11178,0.09415568
11179,0.99985945
11180,2.603565e-09
11181,1.0
11182,0.45386186
11183,1.0
11184,0.003231185
11185,0.99995935
11186,0.9847269
11187,0.08440493
11188,5.6751185e-05
11189,0.99999857
11190,8.317674e-09
11191,2.9715923e-07
11192,1.0
11193,0.0016985192
11194,0.9999833
11195,0.9233159
11196,8.122075e-06
11197,0.7835926
11198,1.0
11199,1.0
11200,1.0
11201,1.3562196e-06
11202,0.99999046
11203,1.0
11204,0.999974
11205,1.0
11206,1.0
11207,0.7700024
11208,1.0
11209,9.510191e-06
11210,1.0
11211,0.036134113
11212,0.9999585
11213,0.67122626
11214,0.00012163197
11215,1.0
11216,0.99999964
11217,0.9999999
11218,1.0
11219,0.8058707
11220,0.9999993
11221,1.0
11222,0.99982136
11223,1.0
11224,6.5804767e-07
11225,0.6022267
11226,1.0
11227,0.99961275
11228,1.1947319e-06
11229,0.062887296
11230,1.0
11231,0.95978445
11232,1.7204419e-12
11233,0.9985518
11234,0.98282146
11235,0.99988496
11236,2.4273648e-08
11237,0.9997378
11238,0.99970895
11239,1.0
11240,9.372266e-05
11241,0.15544295
11242,0.9999937
11243,1.0
11244,1.0
11245,0.99999595
11246,1.0
11247,0.9999993
11248,0.99999547
11249,1.0
11250,0.9294254
11251,1.0
11252,0.99550456
11253,0.9999981
11254,0.07889234
11255,1.0
11256,1.0
11257,1.0
11258,1.0
11259,0.0013226041
11260,0.0018580368
11261,1.0
11262,1.0
11263,1.0
11264,1.0
11265,1.0
11266,1.0
11267,0.45529884
11268,0.0003086763
11269,5.069721e-06
11270,1.0
11271,1.6373848e-09
11272,1.0
11273,1.0
11274,1.0
11275,2.4778714e-08
11276,0.41152835
11277,1.0
11278,1.0
11279,1.5004401e-14
11280,1.0
11281,0.9999262
11282,1.0
11283,0.00060209463
11284,0.07840265
11285,1.0
11286,0.279533
11287,0.9999831
11288,0.0042379894
11289,0.9999697
11290,1.0
11291,1.0
11292,0.9998227
11293,0.96537334
11294,1.0
11295,1.0
11296,0.9999999
11297,0.56464034
11298,1.0
11299,0.9994295
11300,1.0
11301,1.0
11302,0.9850845
11303,1.0
11304,0.99992347
11305,1.0
11306,0.038683232
11307,1.0
11308,1.0
11309,1.0
11310,1.0
11311,0.9990711
11312,2.3315599e-05
11313,1.0
11314,0.9142641
11315,0.00023453488
11316,0.99986136
11317,0.9999995
11318,0.97581744
11319,1.0
11320,1.0
11321,0.00019928171
11322,0.0576896
11323,0.773018
11324,0.9999994
11325,0.9999944
11326,0.8557073
11327,0.9916728
11328,1.0
11329,1.0
11330,1.0
11331,1.0
11332,8.113163e-13
11333,1.0
11334,1.0
11335,0.99996126
11336,3.2286496e-11
11337,0.000106825515
11338,1.0
11339,1.0
11340,1.0
11341,1.2648895e-16
11342,0.31142586
11343,0.9999999
11344,0.9999995
11345,0.022807758
11346,1.0
11347,1.0
11348,5.7688294e-09
11349,3.3499597e-05
11350,1.0
11351,0.9999881
11352,0.539994
11353,8.69017e-09
11354,1.0
11355,1.0
11356,1.0
11357,0.9999982
11358,5.461276e-13
11359,4.09773e-05
11360,0.0042157723
11361,6.3575644e-05
11362,7.677227e-06
11363,1.5019106e-08
11364,0.012167563
11365,0.0013484893
11366,0.00085793703
11367,0.88334984
11368,0.42427596
11369,1.0
11370,0.82161033
11371,1.0
11372,0.99998474
11373,3.9098834e-20
11374,1.0
11375,0.002098784
11376,0.9999999
11377,0.004488568
11378,0.99999714
11379,1.0
11380,1.0
11381,0.99999976
11382,1.0
11383,9.202792e-08
11384,0.9999467
11385,0.0015684136
11386,1.0
11387,1.0992556e-11
11388,0.20723948
11389,0.9999999
11390,1.0
11391,2.8707935e-05
11392,0.9999939
11393,0.60457015
11394,0.00014251037
11395,2.1662197e-07
11396,1.0
11397,1.0
11398,1.0
11399,0.99771667
11400,1.0
11401,4.050665e-09
11402,0.9110073
11403,0.98504573
11404,9.0801615e-05
11405,0.9999989
11406,0.10108598
11407,0.978588
11408,0.9999758
11409,1.0
11410,1.0
11411,0.9838796
11412,0.004988154
11413,0.99387074
11414,1.0
11415,1.3948485e-09
11416,0.99840313
11417,1.0237804e-08
11418,5.0418106e-19
11419,4.7010854e-13
11420,7.195247e-07
11421,0.99993193
11422,1.0
11423,1.0
11424,1.0
11425,0.9382373
11426,1.0
11427,0.02519994
11428,0.00031963235
11429,1.3044569e-05
11430,0.99195147
11431,1.0
11432,2.8180993e-18
11433,0.0014187685
11434,1.0
11435,0.99991035
11436,9.545923e-09
11437,0.000562726
11438,1.0
11439,1.0
11440,4.933363e-09
11441,0.0026554628
11442,1.0
11443,0.99999785
11444,0.9999962
11445,2.5685768e-11
11446,0.9999951
11447,1.0
11448,1.0
11449,1.0
11450,7.461088e-07
11451,1.0
11452,1.0
11453,1.0
11454,1.0
11455,1.0
11456,0.008986134
11457,0.20843028
11458,0.08838655
11459,0.00014354251
11460,1.0
11461,1.0
11462,1.0
11463,1.0
11464,0.91989166
11465,0.72066265
11466,0.99999833
11467,1.0
11468,5.707357e-07
11469,1.0
11470,0.0008728195
11471,0.18696293
11472,0.00014821788
11473,1.0
11474,0.9994211
11475,1.0
11476,2.7669884e-11
11477,1.0
11478,1.0
11479,0.9974982
11480,0.29849187
11481,0.9998605
11482,0.9991806
11483,1.0
11484,0.5808634
11485,0.9999356
11486,1.9232272e-12
11487,0.0026987763
11488,0.9986784
11489,1.0
11490,0.0029200506
11491,1.0
11492,0.8112673
11493,1.0
11494,0.71908706
11495,0.99875915
11496,1.0
11497,1.0
11498,0.99959093
11499,4.6041592e-08
11500,1.0
11501,8.454415e-07
11502,0.6666726
11503,1.0
11504,0.90295947
11505,1.0
11506,0.4732029
11507,0.39214313
11508,0.2509935
11509,1.1334548e-05
11510,1.0
11511,0.00036338734
11512,1.0
11513,0.9999647
11514,0.99600935
11515,1.0
11516,1.0
11517,0.9999999
11518,1.0
11519,0.00022075365
11520,1.3062277e-07
11521,0.0018757586
11522,0.9999882
11523,0.9999988
11524,0.86071444
11525,1.0
11526,1.1079264e-05
11527,0.06458141
11528,1.0
11529,1.0
11530,0.99999547
11531,2.5274787e-07
11532,0.9999999
11533,1.0
11534,1.0
11535,0.9857033
11536,0.99999976
11537,1.0
11538,0.9999887
11539,1.0
11540,1.0
11541,1.0
11542,2.9688057e-05
11543,0.99697316
11544,1.0
11545,0.2445647
11546,1.0
11547,0.8519017
11548,0.9999285
11549,0.09101453
11550,0.98958606
11551,0.0072419452
11552,0.1307302
11553,0.00092725863
11554,0.0007217694
11555,0.9998754
11556,7.73666e-13
11557,0.96916384
11558,0.019382263
11559,1.0
11560,0.99999726
11561,0.9996823
11562,8.890085e-05
11563,1.0
11564,0.57138175
11565,8.4172655e-08
11566,0.002135839
11567,1.2918703e-17
11568,0.9999944
11569,1.0
11570,0.999995
11571,0.999998
11572,9.098885e-13
11573,6.123682e-05
11574,6.605998e-14
11575,1.4403657e-06
11576,0.99933016
11577,1.0
11578,1.7981228e-06
11579,1.0
11580,1.0
11581,0.99562365
11582,7.1778086e-05
11583,0.99999964
11584,0.00016538573
11585,1.0
11586,2.4622623e-16
11587,0.08909358
11588,0.016351996
11589,1.0
11590,0.99897456
11591,0.99999976
11592,6.419889e-06
11593,0.45435563
11594,1.0
11595,0.29678512
11596,0.99999785
11597,0.014124081
11598,0.7669502
11599,0.00025853902
11600,1.0
11601,1.0
11602,0.011843914
11603,0.9999974
11604,0.999964
11605,1.0
11606,1.0
11607,0.9954116
11608,0.9999981
11609,0.9999082
11610,1.0
11611,1.0
11612,1.3201836e-08
11613,1.0
11614,0.9999999
11615,0.7598721
11616,0.00018988409
11617,0.1366481
11618,7.209205e-05
11619,0.9999993
11620,1.0
11621,1.0
11622,0.0039019398
11623,0.99995935
11624,1.0
11625,1.0
11626,1.0
11627,1.0
11628,1.0
11629,1.0
11630,1.0
11631,0.9995602
11632,1.0
11633,3.1385343e-17
11634,1.0
11635,1.4897607e-10
11636,0.25453392
11637,1.0
11638,0.99773407
11639,1.1193059e-08
11640,0.99999654
11641,1.0
11642,5.6596724e-05
11643,1.0
11644,0.9999945
11645,0.924703
11646,0.00029335188
11647,1.0629238e-06
11648,0.9999634
11649,0.9999933
11650,1.0
11651,0.9999784
11652,1.0
11653,0.9957594
11654,3.104058e-05
11655,0.0010245905
11656,1.0
11657,0.122074015
11658,1.0
11659,2.426937e-05
11660,1.0
11661,1.0
11662,0.06551025
11663,4.934461e-05
11664,1.683689e-10
11665,3.4373716e-06
11666,0.001078261
11667,0.9983601
11668,0.9999994
11669,1.0
11670,0.53711396
11671,0.9999999
11672,1.0
11673,2.535197e-06
11674,0.85736215
11675,8.0917324e-08
11676,0.9999999
11677,1.2225127e-12
11678,0.9187863
11679,1.0
11680,1.0
11681,1.0
11682,1.0
11683,1.0
11684,0.21962315
11685,1.0
11686,0.9978642
11687,0.9999999
11688,1.0
11689,4.3006804e-10
11690,9.345891e-13
11691,1.0
11692,1.0
11693,0.99966264
11694,1.0
11695,0.99400973
11696,0.00018805258
11697,1.0
11698,0.03791364
11699,1.2501425e-18
11700,2.7365513e-07
11701,8.0575385e-13
11702,2.477512e-08
11703,4.7410694e-07
11704,1.0
11705,0.9999964
11706,1.8263037e-05
11707,0.9999356
11708,1.0
11709,1.0
11710,2.903666e-05
11711,0.05320443
11712,0.9994692
11713,0.99998915
11714,1.0
11715,3.2557813e-07
11716,0.39936182
11717,0.9027251
11718,0.99953187
11719,8.516484e-12
11720,0.9765372
11721,2.1532496e-17
11722,1.0
11723,1.0
11724,1.0
11725,5.2759882e-15
11726,0.9575667
11727,0.93224686
11728,1.0
11729,1.0
11730,1.0
11731,0.43516466
11732,0.9999553
11733,0.9999949
11734,3.6093627e-06
11735,1.0
11736,1.9813802e-08
11737,0.983634
11738,0.9995492
11739,4.169134e-10
11740,0.0004893036
11741,0.99981683
11742,0.0094220415
11743,1.0
11744,0.999998
11745,0.9999926
11746,1.0
11747,0.013299468
11748,1.0
11749,5.532336e-07
11750,1.0
11751,1.2326257e-11
11752,1.0
11753,0.011025539
11754,1.0
11755,0.92480904
11756,2.1514929e-07
11757,0.9998166
11758,0.852168
11759,1.0
11760,1.0
11761,1.0
11762,0.9999933
11763,1.0
11764,0.9999988
11765,1.0
11766,0.9999987
11767,0.98827004
11768,5.492294e-05
11769,0.295388
11770,0.9999982
11771,1.0
11772,1.0
11773,1.0
11774,1.0
11775,0.9999138
11776,1.0
11777,1.0
11778,0.37866482
11779,1.0
11780,0.9999994
11781,0.0020432333
11782,0.4524792
11783,1.0
11784,0.012281782
11785,0.6266639
11786,1.0
11787,1.0
11788,0.0038199227
11789,8.115489e-12
11790,0.05410089
11791,0.10279762
11792,0.9999999
11793,0.5103677
11794,1.0
11795,2.8953917e-14
11796,5.1357134e-08
11797,1.0
11798,1.0
11799,0.0262096
11800,1.0
11801,0.9999896
11802,1.0
11803,0.99998045
11804,0.00064451556
11805,1.0
11806,0.99951303
11807,0.94266456
11808,0.99999964
11809,1.0
11810,1.0
11811,0.99814713
11812,0.9976043
11813,0.9999999
11814,0.9999993
11815,0.9999958
11816,0.95474815
11817,0.654042
11818,4.0942305e-05
11819,1.0
11820,0.15870716
11821,1.0
11822,0.9070898
11823,1.0
11824,1.4218306e-06
11825,0.99999845
11826,1.0
11827,0.9989832
11828,0.9999999
11829,1.1899061e-14
11830,4.0717252e-05
11831,1.0
11832,0.9997304
11833,0.0043501817
11834,1.0
11835,1.0
11836,1.0
11837,0.05273107
11838,1.0
11839,4.2167758e-05
11840,1.0
11841,1.0
11842,1.6997838e-10
11843,0.067717
11844,1.0
11845,1.0
11846,0.99993694
11847,1.0
11848,4.8967355e-05
11849,0.9999926
11850,1.4566881e-05
11851,0.9958632
11852,1.0
11853,1.9214196e-12
11854,0.99999905
11855,0.9999999
11856,2.0259766e-07
11857,1.0
11858,0.5957565
11859,0.3739991
11860,0.23105645
11861,0.99999976
11862,1.0
11863,1.0
11864,1.0
11865,0.99999964
11866,0.728195
11867,1.0
11868,0.9484962
11869,0.07220274
11870,0.99999964
11871,0.9993223
11872,1.0
11873,1.0
11874,1.0
11875,1.0
11876,1.0
11877,9.947711e-07
11878,0.06090115
11879,0.7612599
11880,0.744948
11881,0.99999857
11882,1.0
11883,1.0
11884,0.7768546
11885,1.0
11886,0.9953206
11887,0.0011645678
11888,0.997647
11889,1.0
11890,1.0
11891,0.82116765
11892,0.00033935774
11893,0.9999987
11894,0.003612337
11895,1.0
11896,1.0
11897,0.9999999
11898,6.93225e-07
11899,0.004960986
11900,0.009692426
11901,0.00047006903
11902,1.0
11903,0.9999684
11904,0.9992836
11905,0.9997887
11906,1.0
11907,5.4745986e-05
11908,1.0
11909,0.99903786
11910,0.9990957
11911,0.9999993
11912,1.0
11913,0.08767911
11914,1.0
11915,7.97687e-06
11916,0.66081583
11917,0.9999994
11918,0.9939114
11919,1.0
11920,0.12477068
11921,0.0039025263
11922,0.0014042084
11923,3.0792144e-10
11924,1.0
11925,0.990135
11926,0.9841728
11927,4.4050076e-08
11928,0.92970115
11929,1.0
11930,0.999998
11931,0.9993161
11932,0.9729776
11933,1.0
11934,0.99999976
11935,1.0
11936,1.0
11937,0.002840752
11938,1.0
11939,0.96769685
11940,1.0
11941,1.0
11942,0.999943
11943,1.0723879e-10
11944,3.4789216e-06
11945,1.0
11946,1.0281194e-18
11947,1.5760054e-18
11948,5.946237e-19
11949,0.2458758
11950,1.0
11951,0.9986999
11952,1.0
11953,0.86037314
11954,1.0
11955,0.0023468114
11956,0.99999976
11957,0.97786397
11958,1.0
11959,0.9991849
11960,0.9988651
11961,1.0
11962,1.0
11963,0.9999995
11964,1.0
11965,0.976352
11966,0.63139856
11967,1.0
11968,0.92402446
11969,2.3316286e-05
11970,1.0
11971,0.89784163
11972,0.04405318
11973,0.0010385143
11974,0.9957606
11975,0.019735035
11976,0.48895073
11977,1.0
11978,1.0
11979,0.19137017
11980,0.9906357
11981,0.7213711
11982,0.99978274
11983,1.0
11984,4.890875e-16
11985,0.015876988
11986,1.0
11987,0.99003464
11988,1.0
11989,0.99985933
11990,8.585856e-05
11991,0.020653656
11992,1.0
11993,5.833987e-11
11994,1.0
11995,0.99999714
11996,1.707414e-09
11997,4.1396053e-08
11998,0.9999995
11999,1.0
12000,0.29045698
12001,1.0
12002,1.0
12003,1.0
12004,0.00024897128
12005,0.9999659
12006,1.0
12007,1.1079285e-10
12008,0.9999988
12009,0.44030795
12010,1.0
12011,0.92255276
12012,1.0
12013,8.461108e-09
12014,0.99999976
12015,0.93706554
12016,0.9999999
12017,0.9587461
12018,1.0
12019,1.0
12020,3.452087e-08
12021,0.9999418
12022,2.083598e-06
12023,0.99974114
12024,0.8075859
12025,0.13563631
12026,0.98884284
12027,3.1958333e-08
12028,0.9999999
12029,0.99933404
12030,0.025795406
12031,1.0
12032,2.7018676e-05
12033,0.9965739
12034,0.99844533
12035,0.9999907
12036,0.9966132
12037,0.880342
12038,0.005428951
12039,1.0
12040,0.9999999
12041,1.0
12042,1.0
12043,0.99996483
12044,0.99999535
12045,0.94525576
12046,0.99999857
12047,2.117365e-21
12048,1.0
12049,0.5904292
12050,1.0
12051,1.0
12052,3.200054e-08
12053,0.99999917
12054,0.97857565
12055,2.8413055e-08
12056,8.733076e-06
12057,0.999778
12058,0.99919814
12059,0.87202775
12060,1.0
12061,0.9984699
12062,1.0
12063,0.997964
12064,0.48209915
12065,4.800064e-05
12066,0.0029651397
12067,4.3486525e-06
12068,0.9907601
12069,0.17246673
12070,0.9253974
12071,1.2192955e-05
12072,0.99985063
12073,0.01764448
12074,0.37460455
12075,1.0
12076,1.0
12077,0.59433454
12078,0.9999939
12079,9.592059e-06
12080,0.0008191348
12081,0.99989295
12082,3.633438e-06
12083,3.369228e-05
12084,1.0
12085,1.0
12086,1.0
12087,0.0018871337
12088,1.0
12089,0.9920839
12090,0.04257478
12091,1.0
12092,1.0
12093,1.0
12094,0.9999926
12095,1.690738e-05
12096,0.9999858
12097,0.021653807
12098,0.0055736057
12099,8.205967e-05
12100,0.41918626
12101,1.0
12102,0.22696614
12103,1.0
12104,1.0
12105,0.00897918
12106,9.11323e-17
12107,1.0
12108,0.03945626
12109,1.0
12110,1.0
12111,0.9999995
12112,7.731299e-05
12113,0.9989692
12114,5.993899e-09
12115,0.098891504
12116,0.4042194
12117,0.99813026
12118,0.73150074
12119,2.7253763e-13
12120,0.7638959
12121,1.0
12122,0.87708294
12123,2.4738805e-12
12124,0.9998685
12125,1.3610717e-05
12126,0.99551857
12127,0.9999887
12128,0.9999982
12129,0.9999682
12130,1.0
12131,1.0
12132,0.99945384
12133,0.6387286
12134,0.0014633357
12135,0.9993057
12136,0.99999976
12137,1.0
12138,0.9999968
12139,0.8290494
12140,1.0
12141,1.0
12142,1.0
12143,0.9999968
12144,1.0
12145,1.0
12146,1.4151303e-06
12147,0.02194631
12148,1.3475505e-11
12149,1.0
12150,0.9999987
12151,1.0
12152,0.00983866
12153,1.0
12154,1.0
12155,0.96045697
12156,3.0478697e-07
12157,1.0
12158,0.93115276
12159,0.33347362
12160,1.0
12161,1.0
12162,0.6867684
12163,1.0
12164,0.9998468
12165,0.9987508
12166,1.0
12167,0.99991095
12168,5.8021996e-09
12169,2.1389264e-06
12170,0.9765245
12171,1.0
12172,1.0
12173,1.0
12174,0.0010088221
12175,2.2811697e-05
12176,2.1715821e-05
12177,2.4542887e-18
12178,1.0576375e-12
12179,0.99999905
12180,0.99998176
12181,1.0
12182,0.99999416
12183,0.9999999
12184,0.99998474
12185,0.055851296
12186,2.9094292e-07
12187,0.037388533
12188,1.0
12189,1.0
12190,1.0
12191,0.99976856
12192,0.65038866
12193,0.7979956
12194,0.009899766
12195,1.0
12196,1.0
12197,0.9999982
12198,0.9999747
12199,1.0
12200,0.9999999
12201,0.82206446
12202,0.9999974
12203,0.9999907
12204,0.0004795383
12205,0.99999976
12206,0.9999999
12207,0.9999484
12208,1.0
12209,0.003907304
12210,0.80798066
12211,1.0
12212,0.9999852
12213,1.0
12214,1.0
12215,3.852213e-08
12216,1.0
12217,0.9999901
12218,1.5762977e-05
12219,1.0
12220,0.999416
12221,1.0
12222,1.1403348e-13
12223,4.332304e-10
12224,0.88451254
12225,1.7401435e-05
12226,0.9999999
12227,0.9921137
12228,1.0
12229,0.9999521
12230,1.0
12231,0.00019736144
12232,0.03321627
12233,1.0
12234,0.99129546
12235,0.84674704
12236,1.0
12237,0.9999927
12238,0.9839707
12239,0.9014253
12240,0.017704716
12241,1.4133352e-06
12242,0.23483846
12243,0.0017865127
12244,1.0
12245,0.010608357
12246,1.0
12247,1.0
12248,0.99344313
12249,0.9999856
12250,0.99999976
12251,2.7254447e-16
12252,1.0
12253,0.41105202
12254,6.0143e-15
12255,1.0
12256,0.99923
12257,1.0
12258,0.9999895
12259,0.9999827
12260,1.0
12261,1.0
12262,1.0
12263,1.0
12264,1.0
12265,1.0
12266,0.071684815
12267,1.0
12268,0.003929908
12269,1.0
12270,1.3348764e-06
12271,0.0016641302
12272,6.185631e-12
12273,0.9999801
12274,0.99999547
12275,1.6991558e-09
12276,0.29494292
12277,0.6201914
12278,0.5528009
12279,1.0
12280,0.9999924
12281,0.9998852
12282,0.99999857
12283,0.9636967
12284,2.2246946e-05
12285,1.0
12286,0.87293595
12287,1.0
12288,0.9572674
12289,1.0
12290,1.0
12291,0.010130124
12292,1.0
12293,6.792239e-12
12294,1.0
12295,1.0
12296,0.99999785
12297,0.9999987
12298,1.0
12299,0.999037
12300,0.99999523
12301,0.9914739
12302,1.0
12303,1.4239358e-10
12304,1.0
12305,1.0
12306,0.99987733
12307,0.9999999
12308,1.0
12309,1.0
12310,8.702357e-06
12311,1.1785452e-05
12312,0.99382234
12313,3.9543195e-09
12314,1.0
12315,0.99842346
12316,8.86469e-06
12317,1.0
12318,0.99968255
12319,0.9869871
12320,1.0
12321,1.0
12322,0.007332022
12323,0.961981
12324,5.769955e-06
12325,0.99312943
12326,1.0
12327,1.0
12328,1.0
12329,0.06624703
12330,0.678354
12331,1.0
12332,0.00038708348
12333,0.036036074
12334,1.0
12335,0.9999976
12336,1.0
12337,1.0
12338,0.099637434
12339,0.9175043
12340,0.0011146034
12341,1.0
12342,1.0
12343,1.0
12344,0.9988783
12345,6.5505985e-05
12346,0.0006937221
12347,0.99999976
12348,0.9999994
12349,1.0
12350,0.99999976
12351,0.121954486
12352,0.009144231
12353,1.0
12354,7.3489985e-15
12355,1.0
12356,1.3345811e-05
12357,0.99999976
12358,1.0
12359,1.0
12360,9.583537e-06
12361,1.0
12362,0.998298
12363,0.010273052
12364,1.0
12365,0.00015636983
12366,0.9482487
12367,0.99972695
12368,0.031133443
12369,1.0
12370,0.99999666
12371,6.374532e-05
12372,1.0
12373,0.99335116
12374,2.2702598e-06
12375,8.987505e-05
12376,0.9998945
12377,2.8385037e-09
12378,1.0
12379,1.0
12380,0.83459187
12381,0.99999964
12382,0.99999774
12383,1.0
12384,0.35264143
12385,5.8555947e-06
12386,5.7317753e-05
12387,0.99999905
12388,0.94488716
12389,1.0
12390,0.25226206
12391,0.99926525
12392,0.07473522
12393,0.0014465399
12394,0.9999999
12395,0.9999839
12396,0.563522
12397,0.99999964
12398,8.182029e-15
12399,0.9999423
12400,1.0
12401,1.0
12402,0.9999999
12403,1.0
12404,0.99994683
12405,1.706836e-06
12406,0.9964224
12407,0.99177814
12408,0.9998085
12409,0.9999913
12410,0.9974203
12411,1.0
12412,0.99997306
12413,7.5729245e-20
12414,7.096594e-09
12415,1.0
12416,1.0
12417,0.9998505
12418,1.0
12419,1.0
12420,1.0
12421,5.4382653e-08
12422,1.0
12423,0.0023207413
12424,1.0
12425,0.9872158
12426,1.0
12427,0.0010476945
12428,1.5917439e-19
12429,1.0
12430,0.9999999
12431,1.0
12432,1.0
12433,2.6323529e-05
12434,0.9999999
12435,1.6423813e-07
12436,0.9908949
12437,3.1804797e-05
12438,0.9999852
12439,0.9985159
12440,0.72585154
12441,3.5033185e-07
12442,1.0
12443,1.0
12444,0.9996432
12445,0.99999547
12446,0.9999577
12447,0.44807532
12448,1.0
12449,0.991723
12450,1.0
12451,0.00070329016
12452,1.0
12453,0.9999995
12454,0.99999464
12455,2.233501e-10
12456,7.524697e-11
12457,0.99999976
12458,1.5770305e-11
12459,1.0
12460,0.9999896
12461,0.0017427233
12462,1.0
12463,1.0
12464,0.39962947
12465,2.622133e-05
12466,0.99999726
12467,1.0
12468,3.138728e-08
12469,0.47692114
12470,0.9961287
12471,0.30574936
12472,1.0
12473,0.9836072
12474,0.9999801
12475,1.0
12476,3.6877155e-09
12477,0.95375186
12478,0.9995117
12479,6.929957e-08
12480,3.9281178e-05
12481,1.0
12482,0.0049850782
12483,0.9312553
12484,0.9999995
12485,0.04210411
12486,3.215993e-08
12487,7.665449e-05
12488,0.00025115302
12489,1.0
12490,0.960319
12491,1.0
12492,1.4727817e-06
12493,1.0
12494,0.8617272
12495,0.9947286
12496,0.90343314
12497,9.874784e-05
12498,1.0
12499,0.99999964
12500,0.999983